<?xml version="1.0" encoding="UTF-8"?>
<farmersMarket xmlns="http://marklogic.com/ferret/demodata"><FMID>1000312</FMID><MarketName>Durham Farmers' Market</MarketName><Website>http://www.durhamfarmersmarket.com</Website><Facebook>www.facebook.com/durhamfarmersmarketnc</Facebook><Twitter>www.twitter.com/DurhamFarmerMkt</Twitter><Youtube/><OtherMedia>www.instagram.com/durhamfarmersmarket/</OtherMedia><street>501 Foster Street</street><city>Durham</city><County>Durham</County><State>North Carolina</State><zip>27701</zip><Season1Date>04/02/2016 to 11/19/2016</Season1Date><Season1Time>Sat: 8:00 AM-12:00 PM;</Season1Time><Season2Date>12/03/2016 to 03/25/2017</Season2Date><Season2Time>Sat: 10:00 AM-12:00 PM;</Season2Time><Season3Date>04/20/2016 to 10/12/2016</Season3Date><Season3Time>Wed: 3:00 PM-6:00 PM;</Season3Time><Season4Date/><Season4Time/><x>-78.901856</x><y>36.000559</y><Location/><Credit>Y</Credit><WIC>Y</WIC><WICcash>N</WICcash><SFMNP>Y</SFMNP><SNAP>Y</SNAP><Organic>Y</Organic><Bakedgoods>Y</Bakedgoods><Cheese>Y</Cheese><Crafts>Y</Crafts><Flowers>Y</Flowers><Eggs>Y</Eggs><Seafood>N</Seafood><Herbs>Y</Herbs><Vegetables>Y</Vegetables><Honey>Y</Honey><Jams>Y</Jams><Maple>N</Maple><Meat>Y</Meat><Nursery>N</Nursery><Nuts>Y</Nuts><Plants>Y</Plants><Poultry>Y</Poultry><Prepared>Y</Prepared><Soap>Y</Soap><Trees>Y</Trees><Wine>Y</Wine><Coffee>Y</Coffee><Beans>Y</Beans><Fruits>Y</Fruits><Grains>Y</Grains><Juices>Y</Juices><Mushrooms>Y</Mushrooms><PetFood>N</PetFood><Tofu>Y</Tofu><WildHarvested>Y</WildHarvested><updateTime>6/27/2016 1:37:04 PM</updateTime></farmersMarket>