<?xml version="1.0" encoding="UTF-8"?>
<farmersMarket xmlns="http://marklogic.com/ferret/demodata"><FMID>1000314</FMID><MarketName>Capital District Farmers Market in Menands</MarketName><Website>http://www.capitaldistrictfarmersmarket.org</Website><Facebook/><Twitter/><Youtube/><OtherMedia/><street>381 Broadway (Route 32)</street><city>Menands</city><County>Albany</County><State>New York</State><zip>12204</zip><Season1Date/><Season1Time/><Season2Date/><Season2Time/><Season3Date/><Season3Time/><Season4Date/><Season4Time/><x>-73.718251</x><y>42.694982</y><Location>Other</Location><Credit>Y</Credit><WIC>Y</WIC><WICcash>N</WICcash><SFMNP>N</SFMNP><SNAP>N</SNAP><Organic>N</Organic><Bakedgoods>N</Bakedgoods><Cheese>N</Cheese><Crafts>N</Crafts><Flowers>N</Flowers><Eggs>N</Eggs><Seafood>N</Seafood><Herbs>N</Herbs><Vegetables>N</Vegetables><Honey>N</Honey><Jams>N</Jams><Maple>N</Maple><Meat>N</Meat><Nursery>N</Nursery><Nuts>N</Nuts><Plants>N</Plants><Poultry>N</Poultry><Prepared>N</Prepared><Soap>N</Soap><Trees>N</Trees><Wine>N</Wine><Coffee>N</Coffee><Beans>N</Beans><Fruits>N</Fruits><Grains>N</Grains><Juices>N</Juices><Mushrooms>N</Mushrooms><PetFood>N</PetFood><Tofu>N</Tofu><WildHarvested>N</WildHarvested><updateTime>5/1/2012 8:06:41 AM</updateTime></farmersMarket>