<?xml version="1.0" encoding="UTF-8"?>
<farmersMarket xmlns="http://marklogic.com/ferret/demodata"><FMID>1000603</FMID><MarketName>Market on Central - Farmers Market in Historic Downtown Fort Dodge</MarketName><Website>http://www.fdmarketoncentral.com</Website><Facebook>https://www.facebook.com/marketoncentral</Facebook><Twitter/><Youtube/><OtherMedia/><street>7th to 10th Street on Central Avenue</street><city>Fort Dodge</city><County>Webster</County><State>Iowa</State><zip>50501</zip><Season1Date>06/14/2014 to 09/27/2014</Season1Date><Season1Time>Sat: 9:00 AM-1:00 PM;</Season1Time><Season2Date/><Season2Time/><Season3Date/><Season3Time/><Season4Date/><Season4Time/><x>-94.186900</x><y>42.505204</y><Location>Closed-off public street</Location><Credit>Y</Credit><WIC>N</WIC><WICcash>N</WICcash><SFMNP>N</SFMNP><SNAP>N</SNAP><Organic>Y</Organic><Bakedgoods>Y</Bakedgoods><Cheese>Y</Cheese><Crafts>Y</Crafts><Flowers>Y</Flowers><Eggs>Y</Eggs><Seafood>N</Seafood><Herbs>Y</Herbs><Vegetables>Y</Vegetables><Honey>Y</Honey><Jams>Y</Jams><Maple>Y</Maple><Meat>Y</Meat><Nursery>N</Nursery><Nuts>Y</Nuts><Plants>Y</Plants><Poultry>Y</Poultry><Prepared>Y</Prepared><Soap>Y</Soap><Trees>Y</Trees><Wine>Y</Wine><Coffee>Y</Coffee><Beans>Y</Beans><Fruits>Y</Fruits><Grains>N</Grains><Juices>N</Juices><Mushrooms>N</Mushrooms><PetFood>Y</PetFood><Tofu>N</Tofu><WildHarvested>Y</WildHarvested><updateTime>3/15/2014 10:49:18 AM</updateTime></farmersMarket>