<?xml version="1.0" encoding="UTF-8"?>
<farmersMarket xmlns="http://marklogic.com/ferret/demodata"><FMID>1000183</FMID><MarketName>Kosciusko County Farmers' Market, LLC</MarketName><Website/><Facebook/><Twitter/><Youtube/><OtherMedia/><street>1400 Smith Street (Kosciusko County Fairgrounds)</street><city>Warsaw</city><County>Kosciusko</County><State>Indiana</State><zip>46580</zip><Season1Date>May to October</Season1Date><Season1Time>Mon:2:30 pm - 5:00 pm;Wed:2:30 pm - 5:00 pm;Sat:8:00 am - 1:00 pm;</Season1Time><Season2Date/><Season2Time/><Season3Date/><Season3Time/><Season4Date/><Season4Time/><x>-85.8379</x><y>41.2322</y><Location>Local government building grounds</Location><Credit>N</Credit><WIC>N</WIC><WICcash>N</WICcash><SFMNP>N</SFMNP><SNAP>N</SNAP><Organic>Y</Organic><Bakedgoods>Y</Bakedgoods><Cheese>N</Cheese><Crafts>Y</Crafts><Flowers>Y</Flowers><Eggs>N</Eggs><Seafood>N</Seafood><Herbs>Y</Herbs><Vegetables>Y</Vegetables><Honey>Y</Honey><Jams>Y</Jams><Maple>Y</Maple><Meat>Y</Meat><Nursery>N</Nursery><Nuts>N</Nuts><Plants>Y</Plants><Poultry>N</Poultry><Prepared>Y</Prepared><Soap>Y</Soap><Trees>N</Trees><Wine>N</Wine><Coffee>N</Coffee><Beans>N</Beans><Fruits>N</Fruits><Grains>N</Grains><Juices>N</Juices><Mushrooms>N</Mushrooms><PetFood>N</PetFood><Tofu>N</Tofu><WildHarvested>N</WildHarvested><updateTime>1/18/2012 4:25:43 PM</updateTime></farmersMarket>