<?xml version="1.0" encoding="UTF-8"?>
<farmersMarket xmlns="http://marklogic.com/ferret/demodata"><FMID>1000012</FMID><MarketName>Pearl Market</MarketName><Website>http://www.downtowncolumbus.com/pearlmarket</Website><Facebook>https://www.facebook.com/PearlMarket</Facebook><Twitter>https://twitter.com/PEARLMARKET</Twitter><Youtube/><OtherMedia/><street>Lynn &amp; Pearl Alleys next to the Rhodes State Office Tower at 30 E. Broad St.</street><city>Columbus</city><County>Franklin</County><State>Ohio</State><zip>43215</zip><Season1Date>06/03/2016 to 10/14/2016</Season1Date><Season1Time>Tue: 10:30 AM-1:30 PM;Fri: 10:30 AM-2:00 PM;</Season1Time><Season2Date/><Season2Time/><Season3Date/><Season3Time/><Season4Date/><Season4Time/><x>-82.999864</x><y>39.963044</y><Location/><Credit>Y</Credit><WIC>Y</WIC><WICcash>Y</WICcash><SFMNP>Y</SFMNP><SNAP>Y</SNAP><Organic>Y</Organic><Bakedgoods>Y</Bakedgoods><Cheese>Y</Cheese><Crafts>Y</Crafts><Flowers>Y</Flowers><Eggs>Y</Eggs><Seafood>N</Seafood><Herbs>Y</Herbs><Vegetables>Y</Vegetables><Honey>Y</Honey><Jams>Y</Jams><Maple>Y</Maple><Meat>Y</Meat><Nursery>N</Nursery><Nuts>N</Nuts><Plants>Y</Plants><Poultry>Y</Poultry><Prepared>Y</Prepared><Soap>Y</Soap><Trees>N</Trees><Wine>N</Wine><Coffee>N</Coffee><Beans>N</Beans><Fruits>Y</Fruits><Grains>N</Grains><Juices>N</Juices><Mushrooms>N</Mushrooms><PetFood>N</PetFood><Tofu>N</Tofu><WildHarvested>N</WildHarvested><updateTime>7/7/2016 9:23:13 AM</updateTime></farmersMarket>