<?xml version="1.0" encoding="UTF-8"?>
<farmersMarket xmlns="http://marklogic.com/ferret/demodata"><FMID>1000449</FMID><MarketName>Marblehead Farmers Market</MarketName><Website>http://www.marbleheadfm.com</Website><Facebook>https://www.facebook.com/pages/Marblehead-Farmers-Market/111433012220845</Facebook><Twitter/><Youtube/><OtherMedia/><street>Vine Street</street><city>Marblehead</city><County>Essex</County><State>Massachusetts</State><zip>01945</zip><Season1Date>05/31/2014 to 11/22/2014</Season1Date><Season1Time>Sat: 9:00 AM-12:00 PM;</Season1Time><Season2Date/><Season2Time/><Season3Date/><Season3Time/><Season4Date/><Season4Time/><x>-70.861848</x><y>42.499060</y><Location>Educational institution</Location><Credit>Y</Credit><WIC>Y</WIC><WICcash>Y</WICcash><SFMNP>Y</SFMNP><SNAP>Y</SNAP><Organic>Y</Organic><Bakedgoods>Y</Bakedgoods><Cheese>Y</Cheese><Crafts>Y</Crafts><Flowers>Y</Flowers><Eggs>Y</Eggs><Seafood>Y</Seafood><Herbs>Y</Herbs><Vegetables>Y</Vegetables><Honey>Y</Honey><Jams>Y</Jams><Maple>Y</Maple><Meat>Y</Meat><Nursery>N</Nursery><Nuts>N</Nuts><Plants>Y</Plants><Poultry>Y</Poultry><Prepared>Y</Prepared><Soap>Y</Soap><Trees>N</Trees><Wine>N</Wine><Coffee>Y</Coffee><Beans>Y</Beans><Fruits>Y</Fruits><Grains>N</Grains><Juices>Y</Juices><Mushrooms>Y</Mushrooms><PetFood>N</PetFood><Tofu>N</Tofu><WildHarvested>N</WildHarvested><updateTime>3/24/2014 6:48:43 PM</updateTime></farmersMarket>