<?xml version="1.0" encoding="UTF-8"?>
<farmersMarket xmlns="http://marklogic.com/ferret/demodata"><FMID>1000389</FMID><MarketName>Clinton Farmers Market</MarketName><Website>http://www.clintonnychamber.org</Website><Facebook>https://www.facebook.com/clintonnychamber</Facebook><Twitter>https://twitter.com/ClintonCCNY</Twitter><Youtube/><OtherMedia>www.instagram.com/clintonnychamber</OtherMedia><street>West Park Row</street><city>Clinton</city><County>Oneida</County><State>New York</State><zip>13323</zip><Season1Date>06/02/2016 to 10/06/2016</Season1Date><Season1Time>Thu: 10:00 AM-4:00 PM;</Season1Time><Season2Date/><Season2Time/><Season3Date/><Season3Time/><Season4Date/><Season4Time/><x>-75.378416</x><y>43.048975</y><Location/><Credit>Y</Credit><WIC>Y</WIC><WICcash>N</WICcash><SFMNP>Y</SFMNP><SNAP>Y</SNAP><Organic>Y</Organic><Bakedgoods>Y</Bakedgoods><Cheese>Y</Cheese><Crafts>Y</Crafts><Flowers>Y</Flowers><Eggs>Y</Eggs><Seafood>N</Seafood><Herbs>Y</Herbs><Vegetables>Y</Vegetables><Honey>Y</Honey><Jams>Y</Jams><Maple>Y</Maple><Meat>Y</Meat><Nursery>N</Nursery><Nuts>Y</Nuts><Plants>Y</Plants><Poultry>Y</Poultry><Prepared>Y</Prepared><Soap>Y</Soap><Trees>Y</Trees><Wine>N</Wine><Coffee>N</Coffee><Beans>N</Beans><Fruits>Y</Fruits><Grains>N</Grains><Juices>N</Juices><Mushrooms>Y</Mushrooms><PetFood>Y</PetFood><Tofu>N</Tofu><WildHarvested>N</WildHarvested><updateTime>6/27/2016 3:23:37 PM</updateTime></farmersMarket>