<?xml version="1.0" encoding="UTF-8"?>
<farmersMarket xmlns="http://marklogic.com/ferret/demodata"><FMID>1000184</FMID><MarketName>Freedom Farmers Market</MarketName><Website>http://www.FreedomManor.com</Website><Facebook>https://www.Facebook.com/FreedomFarmersMarket</Facebook><Twitter/><Youtube>youTube.com/freedommanor</Youtube><OtherMedia>insta gram</OtherMedia><street>10905 Livingston Road</street><city>Fort Washington</city><County>Prince George's</County><State>Maryland</State><zip>20744</zip><Season1Date>05/22/2013 to 10/23/2013</Season1Date><Season1Time>Wed: 2:00 AM-7:00 PM;</Season1Time><Season2Date/><Season2Time/><Season3Date/><Season3Time/><Season4Date/><Season4Time/><x>-76.999859</x><y>38.742988</y><Location>Educational institution</Location><Credit>Y</Credit><WIC>Y</WIC><WICcash>Y</WICcash><SFMNP>Y</SFMNP><SNAP>N</SNAP><Organic>N</Organic><Bakedgoods>N</Bakedgoods><Cheese>N</Cheese><Crafts>Y</Crafts><Flowers>Y</Flowers><Eggs>Y</Eggs><Seafood>N</Seafood><Herbs>N</Herbs><Vegetables>Y</Vegetables><Honey>N</Honey><Jams>N</Jams><Maple>N</Maple><Meat>N</Meat><Nursery>N</Nursery><Nuts>N</Nuts><Plants>Y</Plants><Poultry>N</Poultry><Prepared>N</Prepared><Soap>Y</Soap><Trees>Y</Trees><Wine>N</Wine><Coffee>N</Coffee><Beans>N</Beans><Fruits>Y</Fruits><Grains>N</Grains><Juices>N</Juices><Mushrooms>N</Mushrooms><PetFood>N</PetFood><Tofu>N</Tofu><WildHarvested>N</WildHarvested><updateTime>6/10/2013 2:44:42 PM</updateTime></farmersMarket>