<?xml version="1.0" encoding="UTF-8"?>
<farmersMarket xmlns="http://marklogic.com/ferret/demodata"><FMID>1000131</FMID><MarketName>Dutch Country Farmer's Market</MarketName><Website>http://www.delawarefarmersmarket.com</Website><Facebook>https://www.facebook.com/dutchcountryfarmersmarket</Facebook><Twitter/><Youtube/><OtherMedia/><street>701 N Broad St.</street><city>Middletown</city><County>New Castle</County><State>Delaware</State><zip>19709</zip><Season1Date/><Season1Time>Thu: 8:30 AM-6:00 PM;Fri: 8:30 AM-7:00 PM;Sat: 8:30 AM-4:00 PM;</Season1Time><Season2Date/><Season2Time/><Season3Date/><Season3Time/><Season4Date/><Season4Time/><x>-75.7182970</x><y>39.4595410</y><Location>Private business parking lot</Location><Credit>Y</Credit><WIC>N</WIC><WICcash>N</WICcash><SFMNP>N</SFMNP><SNAP>N</SNAP><Organic>-</Organic><Bakedgoods>Y</Bakedgoods><Cheese>Y</Cheese><Crafts>Y</Crafts><Flowers>Y</Flowers><Eggs>Y</Eggs><Seafood>N</Seafood><Herbs>Y</Herbs><Vegetables>Y</Vegetables><Honey>Y</Honey><Jams>Y</Jams><Maple>Y</Maple><Meat>Y</Meat><Nursery>N</Nursery><Nuts>Y</Nuts><Plants>Y</Plants><Poultry>Y</Poultry><Prepared>Y</Prepared><Soap>N</Soap><Trees>N</Trees><Wine>N</Wine><Coffee>Y</Coffee><Beans>N</Beans><Fruits>Y</Fruits><Grains>N</Grains><Juices>N</Juices><Mushrooms>Y</Mushrooms><PetFood>N</PetFood><Tofu>N</Tofu><WildHarvested>N</WildHarvested><updateTime>5/22/2014 3:33:33 PM</updateTime></farmersMarket>