<?xml version="1.0" encoding="UTF-8"?>
<farmersMarket xmlns="http://marklogic.com/ferret/demodata"><FMID>1000379</FMID><MarketName>Sycamore Spring Farm Market</MarketName><Website>http://www.sycamorespringfarm.org</Website><Facebook/><Twitter/><Youtube/><OtherMedia/><street>6003 Elmer Derr Road</street><city>Frederick</city><County>Frederick</County><State>Maryland</State><zip>21703</zip><Season1Date>04/24/2014 to 12/20/2014</Season1Date><Season1Time>Tue: 1:00 PM-6:00 PM;Wed: 1:00 PM-6:00 PM;Thu: 1:00 PM-6:00 PM;Fri: 1:00 AM-8:00 PM;Sat: 8:00 AM-6:00 PM;Sun: 1:00 PM-6:00 PM;</Season1Time><Season2Date/><Season2Time/><Season3Date/><Season3Time/><Season4Date/><Season4Time/><x>-77.4597180</x><y>39.3753414</y><Location>On a farm from: a barn, a greenhouse, a tent, a stand, etc</Location><Credit>Y</Credit><WIC>N</WIC><WICcash>N</WICcash><SFMNP>N</SFMNP><SNAP>N</SNAP><Organic>-</Organic><Bakedgoods>Y</Bakedgoods><Cheese>N</Cheese><Crafts>Y</Crafts><Flowers>Y</Flowers><Eggs>Y</Eggs><Seafood>N</Seafood><Herbs>Y</Herbs><Vegetables>Y</Vegetables><Honey>Y</Honey><Jams>Y</Jams><Maple>N</Maple><Meat>Y</Meat><Nursery>N</Nursery><Nuts>Y</Nuts><Plants>Y</Plants><Poultry>Y</Poultry><Prepared>N</Prepared><Soap>Y</Soap><Trees>N</Trees><Wine>N</Wine><Coffee>N</Coffee><Beans>N</Beans><Fruits>Y</Fruits><Grains>N</Grains><Juices>N</Juices><Mushrooms>N</Mushrooms><PetFood>N</PetFood><Tofu>N</Tofu><WildHarvested>N</WildHarvested><updateTime>3/19/2014 6:49:03 PM</updateTime></farmersMarket>