<?xml version="1.0" encoding="UTF-8"?>
<farmersMarket xmlns="http://marklogic.com/ferret/demodata"><FMID>1000206</FMID><MarketName>Vermillion Area Farmers Market - Winter Market - Saturdays</MarketName><Website>http://vermillionfarmersmarket.org</Website><Facebook>https://www.facebook.com/groups/VAFarmersMarket/</Facebook><Twitter>https://twitter.com/VAFarmMkt</Twitter><Youtube/><OtherMedia/><street>515 High St.</street><city>Vermillion</city><County>Clay</County><State>South Dakota</State><zip>57069</zip><Season1Date>11/15/2014 to 04/18/2015</Season1Date><Season1Time>Sat: 10:00 AM-1:00 PM;</Season1Time><Season2Date/><Season2Time/><Season3Date/><Season3Time/><Season4Date/><Season4Time/><x>-96.934939</x><y>42.784882</y><Location>Local government building grounds</Location><Credit>Y</Credit><WIC>N</WIC><WICcash>N</WICcash><SFMNP>N</SFMNP><SNAP>Y</SNAP><Organic>Y</Organic><Bakedgoods>Y</Bakedgoods><Cheese>Y</Cheese><Crafts>Y</Crafts><Flowers>Y</Flowers><Eggs>Y</Eggs><Seafood>N</Seafood><Herbs>Y</Herbs><Vegetables>Y</Vegetables><Honey>Y</Honey><Jams>Y</Jams><Maple>Y</Maple><Meat>Y</Meat><Nursery>N</Nursery><Nuts>N</Nuts><Plants>Y</Plants><Poultry>Y</Poultry><Prepared>Y</Prepared><Soap>Y</Soap><Trees>N</Trees><Wine>N</Wine><Coffee>N</Coffee><Beans>N</Beans><Fruits>Y</Fruits><Grains>N</Grains><Juices>Y</Juices><Mushrooms>N</Mushrooms><PetFood>Y</PetFood><Tofu>N</Tofu><WildHarvested>N</WildHarvested><updateTime>5/15/2014 1:12:56 AM</updateTime></farmersMarket>