<?xml version="1.0" encoding="UTF-8"?>
<farmersMarket xmlns="http://marklogic.com/ferret/demodata"><FMID>1000086</FMID><MarketName>Astoria Greenmarket</MarketName><Website>http://www.grownyc.org</Website><Facebook>https://www.facebook.com/QueensGreenmarkets</Facebook><Twitter/><Youtube/><OtherMedia/><street>14 St - 31 Ave &amp; 31 Rd</street><city>Queens</city><County>Queens</County><State>New York</State><zip>11106</zip><Season1Date>07/10/2013 to 11/20/2013</Season1Date><Season1Time>Wed: 8:00 AM-3:00 PM;</Season1Time><Season2Date/><Season2Time/><Season3Date/><Season3Time/><Season4Date/><Season4Time/><x>-73.932452</x><y>40.767672</y><Location>Other</Location><Credit>Y</Credit><WIC>Y</WIC><WICcash>Y</WICcash><SFMNP>Y</SFMNP><SNAP>Y</SNAP><Organic>N</Organic><Bakedgoods>N</Bakedgoods><Cheese>N</Cheese><Crafts>N</Crafts><Flowers>N</Flowers><Eggs>N</Eggs><Seafood>N</Seafood><Herbs>N</Herbs><Vegetables>Y</Vegetables><Honey>N</Honey><Jams>N</Jams><Maple>N</Maple><Meat>N</Meat><Nursery>N</Nursery><Nuts>N</Nuts><Plants>N</Plants><Poultry>N</Poultry><Prepared>N</Prepared><Soap>N</Soap><Trees>N</Trees><Wine>N</Wine><Coffee>N</Coffee><Beans>N</Beans><Fruits>N</Fruits><Grains>N</Grains><Juices>N</Juices><Mushrooms>N</Mushrooms><PetFood>N</PetFood><Tofu>N</Tofu><WildHarvested>N</WildHarvested><updateTime>7/23/2013 3:03:11 PM</updateTime></farmersMarket>