<?xml version="1.0" encoding="UTF-8"?>
<farmersMarket xmlns="http://marklogic.com/ferret/demodata"><FMID>1000328</FMID><MarketName>The Farmers Market @ St. Stephen's</MarketName><Website>http://www.saintstephensrichmond.net/farmersmarket</Website><Facebook/><Twitter/><Youtube/><OtherMedia/><street>6000 Grove Avenue</street><city>Richmond</city><County>Richmond City</County><State>Virginia</State><zip>23226</zip><Season1Date>May to October</Season1Date><Season1Time>Sat:8:00 am - 12:00 pm;</Season1Time><Season2Date/><Season2Time/><Season3Date/><Season3Time/><Season4Date/><Season4Time/><x>-77.5221</x><y>37.5733</y><Location>Faith-based institution (e.g., church, mosque, synagogue, temple)</Location><Credit>N</Credit><WIC>N</WIC><WICcash>N</WICcash><SFMNP>N</SFMNP><SNAP>N</SNAP><Organic>N</Organic><Bakedgoods>Y</Bakedgoods><Cheese>N</Cheese><Crafts>Y</Crafts><Flowers>Y</Flowers><Eggs>N</Eggs><Seafood>N</Seafood><Herbs>Y</Herbs><Vegetables>Y</Vegetables><Honey>Y</Honey><Jams>Y</Jams><Maple>N</Maple><Meat>Y</Meat><Nursery>N</Nursery><Nuts>N</Nuts><Plants>Y</Plants><Poultry>N</Poultry><Prepared>Y</Prepared><Soap>Y</Soap><Trees>N</Trees><Wine>N</Wine><Coffee>N</Coffee><Beans>N</Beans><Fruits>N</Fruits><Grains>N</Grains><Juices>N</Juices><Mushrooms>N</Mushrooms><PetFood>N</PetFood><Tofu>N</Tofu><WildHarvested>N</WildHarvested><updateTime>4/13/2011 3:25:37 PM</updateTime></farmersMarket>