<?xml version="1.0" encoding="UTF-8"?>
<farmersMarket xmlns="http://marklogic.com/ferret/demodata"><FMID>1000229</FMID><MarketName>The Convivium</MarketName><Website/><Facebook>https://www.facebook.com/pages/The-Convivium/361569286162</Facebook><Twitter/><Youtube/><OtherMedia/><street>State Rd 1</street><city>Leo</city><County>Allen</County><State>Indiana</State><zip>46765</zip><Season1Date>June to August</Season1Date><Season1Time>Sat:9:00 AM - 1:00 PM;</Season1Time><Season2Date/><Season2Time/><Season3Date/><Season3Time/><Season4Date/><Season4Time/><x>-85.007583</x><y>41.229217</y><Location>Faith-based institution (e.g., church, mosque, synagogue, temple)</Location><Credit>Y</Credit><WIC>Y</WIC><WICcash>N</WICcash><SFMNP>Y</SFMNP><SNAP>Y</SNAP><Organic>-</Organic><Bakedgoods>Y</Bakedgoods><Cheese>N</Cheese><Crafts>N</Crafts><Flowers>Y</Flowers><Eggs>N</Eggs><Seafood>N</Seafood><Herbs>Y</Herbs><Vegetables>Y</Vegetables><Honey>Y</Honey><Jams>N</Jams><Maple>Y</Maple><Meat>N</Meat><Nursery>Y</Nursery><Nuts>N</Nuts><Plants>N</Plants><Poultry>N</Poultry><Prepared>N</Prepared><Soap>Y</Soap><Trees>N</Trees><Wine>N</Wine><Coffee>N</Coffee><Beans>N</Beans><Fruits>N</Fruits><Grains>N</Grains><Juices>N</Juices><Mushrooms>N</Mushrooms><PetFood>N</PetFood><Tofu>N</Tofu><WildHarvested>N</WildHarvested><updateTime>5/1/2012 8:21:49 AM</updateTime></farmersMarket>