<?xml version="1.0" encoding="UTF-8"?>
<farmersMarket xmlns="http://marklogic.com/ferret/demodata"><FMID>1000043</FMID><MarketName>Schenectady County Farm Bureau Farmers Market</MarketName><Website/><Facebook>https://www.facebook.com/UpperUnionStreetFarmersMarket</Facebook><Twitter/><Youtube/><OtherMedia/><street>COLDWELL &amp;BANKERS PARKING LOT</street><city>NISKAYUNA</city><County>Schenectady</County><State>New York</State><zip>12309</zip><Season1Date>05/04/2013 to 11/02/2013</Season1Date><Season1Time>Sat: 9:00 AM-1:30 PM;</Season1Time><Season2Date/><Season2Time/><Season3Date/><Season3Time/><Season4Date/><Season4Time/><x>-73.8771901</x><y>42.8056144</y><Location>Private business parking lot</Location><Credit>N</Credit><WIC>Y</WIC><WICcash>Y</WICcash><SFMNP>Y</SFMNP><SNAP>N</SNAP><Organic>-</Organic><Bakedgoods>Y</Bakedgoods><Cheese>Y</Cheese><Crafts>Y</Crafts><Flowers>Y</Flowers><Eggs>Y</Eggs><Seafood>N</Seafood><Herbs>Y</Herbs><Vegetables>Y</Vegetables><Honey>Y</Honey><Jams>Y</Jams><Maple>Y</Maple><Meat>N</Meat><Nursery>N</Nursery><Nuts>N</Nuts><Plants>Y</Plants><Poultry>Y</Poultry><Prepared>Y</Prepared><Soap>Y</Soap><Trees>Y</Trees><Wine>N</Wine><Coffee>N</Coffee><Beans>N</Beans><Fruits>Y</Fruits><Grains>N</Grains><Juices>N</Juices><Mushrooms>N</Mushrooms><PetFood>N</PetFood><Tofu>N</Tofu><WildHarvested>N</WildHarvested><updateTime>3/31/2014 6:09:27 PM</updateTime></farmersMarket>