<?xml version="1.0" encoding="UTF-8"?>
<farmersMarket xmlns="http://marklogic.com/ferret/demodata"><FMID>1000297</FMID><MarketName>Athens Locally Grown</MarketName><Website>http://www.athens.locallygrown.net</Website><Facebook/><Twitter/><Youtube/><OtherMedia/><street>670 W. Broad Street</street><city>Athens</city><County>Clarke</County><State>Georgia</State><zip>30603</zip><Season1Date>January to December</Season1Date><Season1Time>Thu:4:30 PM - 8:00 PM;</Season1Time><Season2Date/><Season2Time/><Season3Date/><Season3Time/><Season4Date/><Season4Time/><x>-83.383849</x><y>33.956318</y><Location>Private business parking lot</Location><Credit>Y</Credit><WIC>N</WIC><WICcash>N</WICcash><SFMNP>N</SFMNP><SNAP>Y</SNAP><Organic>Y</Organic><Bakedgoods>Y</Bakedgoods><Cheese>Y</Cheese><Crafts>Y</Crafts><Flowers>Y</Flowers><Eggs>Y</Eggs><Seafood>Y</Seafood><Herbs>Y</Herbs><Vegetables>Y</Vegetables><Honey>Y</Honey><Jams>Y</Jams><Maple>N</Maple><Meat>Y</Meat><Nursery>Y</Nursery><Nuts>Y</Nuts><Plants>Y</Plants><Poultry>Y</Poultry><Prepared>Y</Prepared><Soap>Y</Soap><Trees>Y</Trees><Wine>N</Wine><Coffee>N</Coffee><Beans>N</Beans><Fruits>N</Fruits><Grains>N</Grains><Juices>N</Juices><Mushrooms>N</Mushrooms><PetFood>N</PetFood><Tofu>N</Tofu><WildHarvested>N</WildHarvested><updateTime>5/7/2012 1:55:31 PM</updateTime></farmersMarket>