<?xml version="1.0" encoding="UTF-8"?>
<farmersMarket xmlns="http://marklogic.com/ferret/demodata"><FMID>1000334</FMID><MarketName>Manteca Certified Farmers Market</MarketName><Website>http://www.visitmanteca.org</Website><Facebook/><Twitter/><Youtube/><OtherMedia/><street>100 Manteca Avenue</street><city>Manteca</city><County>San Joaquin</County><State>California</State><zip>95337</zip><Season1Date>06/03/2014 to 08/26/2014</Season1Date><Season1Time>Tue: 4:30 PM-7:30 PM;</Season1Time><Season2Date/><Season2Time/><Season3Date/><Season3Time/><Season4Date/><Season4Time/><x>-121.2198502</x><y>37.7977403</y><Location>Closed-off public street</Location><Credit>N</Credit><WIC>Y</WIC><WICcash>N</WICcash><SFMNP>N</SFMNP><SNAP>N</SNAP><Organic>Y</Organic><Bakedgoods>Y</Bakedgoods><Cheese>N</Cheese><Crafts>Y</Crafts><Flowers>N</Flowers><Eggs>N</Eggs><Seafood>N</Seafood><Herbs>Y</Herbs><Vegetables>Y</Vegetables><Honey>Y</Honey><Jams>Y</Jams><Maple>Y</Maple><Meat>N</Meat><Nursery>N</Nursery><Nuts>Y</Nuts><Plants>N</Plants><Poultry>N</Poultry><Prepared>Y</Prepared><Soap>Y</Soap><Trees>N</Trees><Wine>N</Wine><Coffee>N</Coffee><Beans>N</Beans><Fruits>Y</Fruits><Grains>N</Grains><Juices>N</Juices><Mushrooms>N</Mushrooms><PetFood>N</PetFood><Tofu>N</Tofu><WildHarvested>Y</WildHarvested><updateTime>5/12/2014 2:07:56 PM</updateTime></farmersMarket>