<?xml version="1.0" encoding="UTF-8"?>
<farmersMarket xmlns="http://marklogic.com/ferret/demodata"><FMID>1000585</FMID><MarketName>Mountain Fresh Oakland Farmers Market</MarketName><Website>http://www.MountainFresh.org</Website><Facebook>https://www.facebook.com/mountainfreshfarmersmarket</Facebook><Twitter/><Youtube/><OtherMedia/><street>5 Town Park Lane</street><city>Oakland</city><County>Garrett</County><State>Maryland</State><zip>21550</zip><Season1Date>06/06/2015 to 10/29/2016</Season1Date><Season1Time>Wed: 10:00 AM-1:00 PM;Sat: 10:00 AM-1:00 PM;</Season1Time><Season2Date/><Season2Time/><Season3Date/><Season3Time/><Season4Date/><Season4Time/><x>-79.4096400</x><y>39.4082577</y><Location/><Credit>Y</Credit><WIC>Y</WIC><WICcash>Y</WICcash><SFMNP>Y</SFMNP><SNAP>N</SNAP><Organic>N</Organic><Bakedgoods>Y</Bakedgoods><Cheese>Y</Cheese><Crafts>Y</Crafts><Flowers>Y</Flowers><Eggs>Y</Eggs><Seafood>N</Seafood><Herbs>Y</Herbs><Vegetables>Y</Vegetables><Honey>Y</Honey><Jams>Y</Jams><Maple>Y</Maple><Meat>Y</Meat><Nursery>N</Nursery><Nuts>Y</Nuts><Plants>Y</Plants><Poultry>Y</Poultry><Prepared>Y</Prepared><Soap>Y</Soap><Trees>Y</Trees><Wine>N</Wine><Coffee>N</Coffee><Beans>Y</Beans><Fruits>Y</Fruits><Grains>Y</Grains><Juices>N</Juices><Mushrooms>Y</Mushrooms><PetFood>Y</PetFood><Tofu>N</Tofu><WildHarvested>Y</WildHarvested><updateTime>7/8/2016 10:42:46 AM</updateTime></farmersMarket>