<?xml version="1.0" encoding="UTF-8"?>
<farmersMarket xmlns="http://marklogic.com/ferret/demodata"><FMID>1000107</FMID><MarketName>Ely Farmers Market</MarketName><Website/><Facebook>https://www.facebook.com/farmtrails</Facebook><Twitter/><Youtube/><OtherMedia/><street>1570 Rowley St.</street><city>Ely</city><County>Linn</County><State>Iowa</State><zip>52227</zip><Season1Date>May 5, 2012 to Oct 6, 2012</Season1Date><Season1Time>Tue:4:00 PM - 6:30 PM;Sat:8:00 AM - 12:00 PM;</Season1Time><Season2Date>November to April</Season2Date><Season2Time>Sat:9:00 AM - 12:00 PM;</Season2Time><Season3Date/><Season3Time/><Season4Date/><Season4Time/><x>-91.58502</x><y>41.87162</y><Location>Local government building grounds</Location><Credit>N</Credit><WIC>N</WIC><WICcash>N</WICcash><SFMNP>N</SFMNP><SNAP>N</SNAP><Organic>-</Organic><Bakedgoods>Y</Bakedgoods><Cheese>N</Cheese><Crafts>Y</Crafts><Flowers>Y</Flowers><Eggs>Y</Eggs><Seafood>N</Seafood><Herbs>Y</Herbs><Vegetables>Y</Vegetables><Honey>Y</Honey><Jams>Y</Jams><Maple>N</Maple><Meat>N</Meat><Nursery>Y</Nursery><Nuts>Y</Nuts><Plants>Y</Plants><Poultry>N</Poultry><Prepared>Y</Prepared><Soap>Y</Soap><Trees>N</Trees><Wine>N</Wine><Coffee>N</Coffee><Beans>N</Beans><Fruits>N</Fruits><Grains>N</Grains><Juices>N</Juices><Mushrooms>N</Mushrooms><PetFood>N</PetFood><Tofu>N</Tofu><WildHarvested>N</WildHarvested><updateTime>5/14/2012 1:36:29 PM</updateTime></farmersMarket>