<?xml version="1.0" encoding="UTF-8"?>
<farmersMarket xmlns="http://marklogic.com/ferret/demodata"><FMID>1000396</FMID><MarketName>Four Seasons Market - Richardson</MarketName><Website>http://www.fourseasonsmarkets.com</Website><Facebook/><Twitter/><Youtube/><OtherMedia/><street>677 W. Campbell Rd</street><city>Richardson</city><County>Dallas</County><State>Texas</State><zip>75080</zip><Season1Date>June to August</Season1Date><Season1Time>Sat:9:00 AM - 2:00 PM;</Season1Time><Season2Date>January to November</Season2Date><Season2Time>Sat:10:00 AM - 3:00 PM;</Season2Time><Season3Date/><Season3Time/><Season4Date/><Season4Time/><x>-96.743052</x><y>32.977879</y><Location>Private business parking lot</Location><Credit>Y</Credit><WIC>N</WIC><WICcash>N</WICcash><SFMNP>N</SFMNP><SNAP>N</SNAP><Organic>N</Organic><Bakedgoods>Y</Bakedgoods><Cheese>Y</Cheese><Crafts>Y</Crafts><Flowers>Y</Flowers><Eggs>Y</Eggs><Seafood>N</Seafood><Herbs>Y</Herbs><Vegetables>Y</Vegetables><Honey>Y</Honey><Jams>Y</Jams><Maple>N</Maple><Meat>Y</Meat><Nursery>Y</Nursery><Nuts>Y</Nuts><Plants>Y</Plants><Poultry>N</Poultry><Prepared>N</Prepared><Soap>Y</Soap><Trees>Y</Trees><Wine>Y</Wine><Coffee>N</Coffee><Beans>N</Beans><Fruits>N</Fruits><Grains>N</Grains><Juices>N</Juices><Mushrooms>N</Mushrooms><PetFood>N</PetFood><Tofu>N</Tofu><WildHarvested>N</WildHarvested><updateTime>4/30/2012 5:20:28 PM</updateTime></farmersMarket>