<?xml version="1.0" encoding="UTF-8"?>
<farmersMarket xmlns="http://marklogic.com/ferret/demodata"><FMID>1000081</FMID><MarketName>Union Square Greenmarket</MarketName><Website>http://www.grownyc.org</Website><Facebook>https://www.facebook.com/UnionSquareGreenmarket</Facebook><Twitter/><Youtube/><OtherMedia/><street>E 17 St. &amp; Broadway</street><city>New York</city><County>New York</County><State>New York</State><zip>10003</zip><Season1Date>01/01/2013 to 12/31/2013</Season1Date><Season1Time>Mon: 8:00 AM-6:00 PM;Wed: 8:00 AM-6:00 PM;Fri: 8:00 AM-6:00 PM;Sat: 8:00 AM-6:00 PM;</Season1Time><Season2Date/><Season2Time/><Season3Date/><Season3Time/><Season4Date/><Season4Time/><x>-73.990409</x><y>40.737096</y><Location>Other</Location><Credit>Y</Credit><WIC>Y</WIC><WICcash>Y</WICcash><SFMNP>Y</SFMNP><SNAP>Y</SNAP><Organic>Y</Organic><Bakedgoods>Y</Bakedgoods><Cheese>Y</Cheese><Crafts>N</Crafts><Flowers>Y</Flowers><Eggs>Y</Eggs><Seafood>Y</Seafood><Herbs>Y</Herbs><Vegetables>Y</Vegetables><Honey>Y</Honey><Jams>Y</Jams><Maple>Y</Maple><Meat>Y</Meat><Nursery>N</Nursery><Nuts>N</Nuts><Plants>Y</Plants><Poultry>Y</Poultry><Prepared>Y</Prepared><Soap>Y</Soap><Trees>Y</Trees><Wine>Y</Wine><Coffee>N</Coffee><Beans>N</Beans><Fruits>Y</Fruits><Grains>N</Grains><Juices>N</Juices><Mushrooms>N</Mushrooms><PetFood>N</PetFood><Tofu>N</Tofu><WildHarvested>N</WildHarvested><updateTime>7/24/2013 11:24:58 AM</updateTime></farmersMarket>