<?xml version="1.0" encoding="UTF-8"?>
<farmersMarket xmlns="http://marklogic.com/ferret/demodata"><FMID>1000596</FMID><MarketName>Smithfield Farmers Market</MarketName><Website>http://www.smithfieldfarmersmarket.org/</Website><Facebook>https://www.facebook.com/smithfieldfarmersmarket</Facebook><Twitter/><Youtube/><OtherMedia/><street>319B Main Street</street><city>Smithfield</city><County>Isle of Wight</County><State>Virginia</State><zip>23430</zip><Season1Date>04/06/2014 to 10/25/2014</Season1Date><Season1Time>Sun: 9:00 AM-12:00 PM;</Season1Time><Season2Date/><Season2Time/><Season3Date/><Season3Time/><Season4Date/><Season4Time/><x>-76.631282</x><y>36.981723</y><Location>Private business parking lot</Location><Credit>Y</Credit><WIC>N</WIC><WICcash>N</WICcash><SFMNP>N</SFMNP><SNAP>Y</SNAP><Organic>-</Organic><Bakedgoods>Y</Bakedgoods><Cheese>Y</Cheese><Crafts>Y</Crafts><Flowers>Y</Flowers><Eggs>Y</Eggs><Seafood>N</Seafood><Herbs>Y</Herbs><Vegetables>Y</Vegetables><Honey>Y</Honey><Jams>Y</Jams><Maple>N</Maple><Meat>Y</Meat><Nursery>N</Nursery><Nuts>Y</Nuts><Plants>Y</Plants><Poultry>Y</Poultry><Prepared>Y</Prepared><Soap>Y</Soap><Trees>Y</Trees><Wine>N</Wine><Coffee>Y</Coffee><Beans>N</Beans><Fruits>Y</Fruits><Grains>N</Grains><Juices>N</Juices><Mushrooms>N</Mushrooms><PetFood>Y</PetFood><Tofu>N</Tofu><WildHarvested>N</WildHarvested><updateTime>4/24/2014 10:56:48 AM</updateTime></farmersMarket>