<?xml version="1.0" encoding="UTF-8"?>
<farmersMarket xmlns="http://marklogic.com/ferret/demodata"><FMID>1000528</FMID><MarketName>Pickens County Farmers Market</MarketName><Website/><Facebook/><Twitter/><Youtube/><OtherMedia/><street>25661 Highway 17 N</street><city>Carollton</city><County>Pickens</County><State>Alabama</State><zip>35447</zip><Season1Date>01/01/2014 to 12/31/2014</Season1Date><Season1Time>Mon: 8:00 AM-12:00 PM;Tue: 8:00 AM-12:00 PM;Wed: 8:00 AM-12:00 PM;Thu: 8:00 AM-12:00 PM;Fri: 8:00 AM-12:00 PM;Sat: 8:00 AM-12:00 PM;</Season1Time><Season2Date/><Season2Time/><Season3Date/><Season3Time/><Season4Date/><Season4Time/><x>-88.093797</x><y>33.275534</y><Location>Private business parking lot</Location><Credit>N</Credit><WIC>N</WIC><WICcash>N</WICcash><SFMNP>Y</SFMNP><SNAP>N</SNAP><Organic>-</Organic><Bakedgoods>N</Bakedgoods><Cheese>N</Cheese><Crafts>N</Crafts><Flowers>N</Flowers><Eggs>N</Eggs><Seafood>N</Seafood><Herbs>Y</Herbs><Vegetables>Y</Vegetables><Honey>N</Honey><Jams>Y</Jams><Maple>N</Maple><Meat>N</Meat><Nursery>N</Nursery><Nuts>N</Nuts><Plants>N</Plants><Poultry>N</Poultry><Prepared>N</Prepared><Soap>N</Soap><Trees>N</Trees><Wine>N</Wine><Coffee>N</Coffee><Beans>N</Beans><Fruits>Y</Fruits><Grains>N</Grains><Juices>N</Juices><Mushrooms>N</Mushrooms><PetFood>N</PetFood><Tofu>N</Tofu><WildHarvested>N</WildHarvested><updateTime>5/29/2014 7:58:53 AM</updateTime></farmersMarket>