<?xml version="1.0" encoding="UTF-8"?>
<farmersMarket xmlns="http://marklogic.com/ferret/demodata"><FMID>1000219</FMID><MarketName>White Plains Farmer's Market</MarketName><Website/><Facebook/><Twitter/><Youtube/><OtherMedia/><street/><city>White Plains</city><County>Westchester</County><State>New York</State><zip>10601</zip><Season1Date>May to November</Season1Date><Season1Time>Wed:8:00 AM - 4:00 PM;</Season1Time><Season2Date/><Season2Time/><Season3Date/><Season3Time/><Season4Date/><Season4Time/><x>-73.7677</x><y>41.0319</y><Location>Closed-off public street</Location><Credit>N</Credit><WIC>N</WIC><WICcash>N</WICcash><SFMNP>N</SFMNP><SNAP>Y</SNAP><Organic>-</Organic><Bakedgoods>Y</Bakedgoods><Cheese>Y</Cheese><Crafts>Y</Crafts><Flowers>N</Flowers><Eggs>N</Eggs><Seafood>N</Seafood><Herbs>Y</Herbs><Vegetables>Y</Vegetables><Honey>Y</Honey><Jams>N</Jams><Maple>N</Maple><Meat>N</Meat><Nursery>N</Nursery><Nuts>N</Nuts><Plants>Y</Plants><Poultry>N</Poultry><Prepared>N</Prepared><Soap>N</Soap><Trees>N</Trees><Wine>N</Wine><Coffee>N</Coffee><Beans>N</Beans><Fruits>N</Fruits><Grains>N</Grains><Juices>N</Juices><Mushrooms>N</Mushrooms><PetFood>N</PetFood><Tofu>N</Tofu><WildHarvested>N</WildHarvested><updateTime>5/22/2012 8:16:53 PM</updateTime></farmersMarket>