<?xml version="1.0" encoding="UTF-8"?>
<farmersMarket xmlns="http://marklogic.com/ferret/demodata"><FMID>1000021</FMID><MarketName>Mid-Town Farmers Market</MarketName><Website>http://www.mtfarmersmarket.com</Website><Facebook>https://www.facebook.com/mtmarket</Facebook><Twitter/><Youtube/><OtherMedia/><street>700 North Lamar Blvd.</street><city>Oxford</city><County>Lafayette</County><State>Mississippi</State><zip>38655</zip><Season1Date>05/01/2015 to 10/31/2015</Season1Date><Season1Time>Wed: 8:00 AM-1:00 PM;Sat: 7:00 AM-11:00 AM;</Season1Time><Season2Date/><Season2Time/><Season3Date/><Season3Time/><Season4Date/><Season4Time/><x>-89.516816</x><y>34.373647</y><Location/><Credit>Y</Credit><WIC>N</WIC><WICcash>N</WICcash><SFMNP>N</SFMNP><SNAP>Y</SNAP><Organic>Y</Organic><Bakedgoods>Y</Bakedgoods><Cheese>N</Cheese><Crafts>N</Crafts><Flowers>Y</Flowers><Eggs>Y</Eggs><Seafood>N</Seafood><Herbs>Y</Herbs><Vegetables>Y</Vegetables><Honey>Y</Honey><Jams>Y</Jams><Maple>N</Maple><Meat>N</Meat><Nursery>N</Nursery><Nuts>N</Nuts><Plants>N</Plants><Poultry>N</Poultry><Prepared>N</Prepared><Soap>N</Soap><Trees>N</Trees><Wine>N</Wine><Coffee>Y</Coffee><Beans>N</Beans><Fruits>Y</Fruits><Grains>N</Grains><Juices>N</Juices><Mushrooms>N</Mushrooms><PetFood>N</PetFood><Tofu>N</Tofu><WildHarvested>N</WildHarvested><updateTime>3/23/2015 8:47:12 AM</updateTime></farmersMarket>