<?xml version="1.0" encoding="UTF-8"?>
<farmersMarket xmlns="http://marklogic.com/ferret/demodata"><FMID>1000690</FMID><MarketName>Cedar City's Downtown Farmer's Market</MarketName><Website>http://www.extension.usu.edu/ironmg</Website><Facebook>https://www.facebook.com/ccdowntownfarmersmarket</Facebook><Twitter/><Youtube/><OtherMedia/><street>Hoover &amp; 100 West</street><city>Cedar City</city><County>Iron</County><State>Utah</State><zip>84720</zip><Season1Date>07/23/2014 to 10/08/2014</Season1Date><Season1Time>Wed: 4:00 PM-7:00 PM;</Season1Time><Season2Date/><Season2Time/><Season3Date/><Season3Time/><Season4Date/><Season4Time/><x>-113.063291</x><y>37.679456</y><Location>Other</Location><Credit>Y</Credit><WIC>N</WIC><WICcash>N</WICcash><SFMNP>N</SFMNP><SNAP>Y</SNAP><Organic>Y</Organic><Bakedgoods>Y</Bakedgoods><Cheese>Y</Cheese><Crafts>N</Crafts><Flowers>Y</Flowers><Eggs>Y</Eggs><Seafood>N</Seafood><Herbs>Y</Herbs><Vegetables>Y</Vegetables><Honey>Y</Honey><Jams>Y</Jams><Maple>N</Maple><Meat>Y</Meat><Nursery>N</Nursery><Nuts>Y</Nuts><Plants>Y</Plants><Poultry>Y</Poultry><Prepared>Y</Prepared><Soap>Y</Soap><Trees>N</Trees><Wine>N</Wine><Coffee>N</Coffee><Beans>N</Beans><Fruits>Y</Fruits><Grains>N</Grains><Juices>N</Juices><Mushrooms>N</Mushrooms><PetFood>N</PetFood><Tofu>N</Tofu><WildHarvested>N</WildHarvested><updateTime>4/22/2014 5:09:58 PM</updateTime></farmersMarket>