<?xml version="1.0" encoding="UTF-8"?>
<farmersMarket xmlns="http://marklogic.com/ferret/demodata"><FMID>1000383</FMID><MarketName>Taylor's Farm Market</MarketName><Website>http://www.taylorfarmsmarket.com</Website><Facebook>https://www.facebook.com/taylorsfarmmarket</Facebook><Twitter/><Youtube/><OtherMedia>https://instagram.com/taylorsfarmmkt/</OtherMedia><street>178 Pilgrim Street</street><city>Inwood</city><County>Berkeley</County><State>West Virginia</State><zip>25428</zip><Season1Date>01/01/2015 to 12/31/2015</Season1Date><Season1Time>Mon: 9:00 AM-6:00 PM;Tue: 9:00 AM-6:00 PM;Wed: 9:00 AM-6:00 PM;Thu: 9:00 AM-6:00 PM;Fri: 9:00 AM-6:00 PM;Sat: 9:00 AM-5:00 PM;Sun: 10:00 AM-4:00 PM;</Season1Time><Season2Date/><Season2Time/><Season3Date>01/01/2012 to 05/31/2012</Season3Date><Season3Time/><Season4Date/><Season4Time/><x>-78.0427390</x><y>39.3612540</y><Location/><Credit>Y</Credit><WIC>N</WIC><WICcash>N</WICcash><SFMNP>Y</SFMNP><SNAP>N</SNAP><Organic>-</Organic><Bakedgoods>Y</Bakedgoods><Cheese>Y</Cheese><Crafts>Y</Crafts><Flowers>N</Flowers><Eggs>Y</Eggs><Seafood>N</Seafood><Herbs>N</Herbs><Vegetables>Y</Vegetables><Honey>Y</Honey><Jams>Y</Jams><Maple>Y</Maple><Meat>Y</Meat><Nursery>N</Nursery><Nuts>N</Nuts><Plants>Y</Plants><Poultry>Y</Poultry><Prepared>Y</Prepared><Soap>Y</Soap><Trees>N</Trees><Wine>Y</Wine><Coffee>Y</Coffee><Beans>N</Beans><Fruits>Y</Fruits><Grains>Y</Grains><Juices>Y</Juices><Mushrooms>N</Mushrooms><PetFood>N</PetFood><Tofu>N</Tofu><WildHarvested>N</WildHarvested><updateTime>7/27/2015 1:37:00 PM</updateTime></farmersMarket>