<?xml version="1.0" encoding="UTF-8"?>
<farmersMarket xmlns="http://marklogic.com/ferret/demodata"><FMID>1000188</FMID><MarketName>Market Monday/Sartell Winter Market</MarketName><Website>http://www.marketmonday.org</Website><Facebook>https://www.facebook.com/pages/Market-MondaySartell-Saturday-Winter-Market/204582149559040</Facebook><Twitter/><Youtube/><OtherMedia/><street>125 Pinecone Road North</street><city>Sartell</city><County>Stearns</County><State>Minnesota</State><zip>56377</zip><Season1Date>05/12/2014 to 10/20/2014</Season1Date><Season1Time>Mon: 3:00 PM-6:30 PM;</Season1Time><Season2Date>11/09/2013 to 05/02/2015</Season2Date><Season2Time>Sat: 10:00 AM-1:00 PM;</Season2Time><Season3Date/><Season3Time/><Season4Date/><Season4Time/><x>-94.228835</x><y>45.621872</y><Location>Local government building grounds</Location><Credit>Y</Credit><WIC>N</WIC><WICcash>N</WICcash><SFMNP>N</SFMNP><SNAP>N</SNAP><Organic>Y</Organic><Bakedgoods>Y</Bakedgoods><Cheese>N</Cheese><Crafts>Y</Crafts><Flowers>Y</Flowers><Eggs>Y</Eggs><Seafood>N</Seafood><Herbs>Y</Herbs><Vegetables>Y</Vegetables><Honey>Y</Honey><Jams>Y</Jams><Maple>Y</Maple><Meat>Y</Meat><Nursery>N</Nursery><Nuts>N</Nuts><Plants>N</Plants><Poultry>Y</Poultry><Prepared>Y</Prepared><Soap>Y</Soap><Trees>N</Trees><Wine>N</Wine><Coffee>N</Coffee><Beans>N</Beans><Fruits>Y</Fruits><Grains>N</Grains><Juices>N</Juices><Mushrooms>N</Mushrooms><PetFood>N</PetFood><Tofu>N</Tofu><WildHarvested>N</WildHarvested><updateTime>5/12/2014 2:02:26 PM</updateTime></farmersMarket>