<?xml version="1.0" encoding="UTF-8"?>
<farmersMarket xmlns="http://marklogic.com/ferret/demodata"><FMID>1000683</FMID><MarketName>Apple Country Farmers Market</MarketName><Website>http://www.applecountryorchards.com</Website><Facebook/><Twitter/><Youtube/><OtherMedia/><street>19th and Ave A</street><city>Lubbock</city><County>Lubbock</County><State>Texas</State><zip>79401</zip><Season1Date>June to September</Season1Date><Season1Time>Mon:9:00 AM - 5:30 PM;Tue:9:00 AM - 5:30 PM;Wed:9:00 AM - 5:30 PM;Thu:9:00 AM - 5:30 PM;Fri:9:00 AM - 5:30 PM;Sat:9:00 AM - 5:30 PM;</Season1Time><Season2Date/><Season2Time/><Season3Date/><Season3Time/><Season4Date/><Season4Time/><x>-101.8364</x><y>33.57785</y><Location>Other</Location><Credit>Y</Credit><WIC>N</WIC><WICcash>Y</WICcash><SFMNP>N</SFMNP><SNAP>Y</SNAP><Organic>-</Organic><Bakedgoods>Y</Bakedgoods><Cheese>N</Cheese><Crafts>N</Crafts><Flowers>N</Flowers><Eggs>N</Eggs><Seafood>N</Seafood><Herbs>Y</Herbs><Vegetables>Y</Vegetables><Honey>Y</Honey><Jams>Y</Jams><Maple>N</Maple><Meat>N</Meat><Nursery>N</Nursery><Nuts>N</Nuts><Plants>N</Plants><Poultry>N</Poultry><Prepared>N</Prepared><Soap>N</Soap><Trees>N</Trees><Wine>N</Wine><Coffee>N</Coffee><Beans>N</Beans><Fruits>N</Fruits><Grains>N</Grains><Juices>N</Juices><Mushrooms>N</Mushrooms><PetFood>N</PetFood><Tofu>N</Tofu><WildHarvested>N</WildHarvested><updateTime>5/25/2012 8:45:46 PM</updateTime></farmersMarket>