<?xml version="1.0" encoding="UTF-8"?>
<farmersMarket xmlns="http://marklogic.com/ferret/demodata"><FMID>1000686</FMID><MarketName>Williamsburg Farmers Market</MarketName><Website/><Facebook>https://www.facebook.com/pages/Williamsburg-Farmers-Market/191504654205734</Facebook><Twitter/><Youtube/><OtherMedia/><street>Williamsburg city park</street><city>Williamsburg</city><County>Iowa</County><State>Iowa</State><zip>52361</zip><Season1Date>05/23/2014 to 10/17/2014</Season1Date><Season1Time>Fri: 4:00 PM-6:00 PM;</Season1Time><Season2Date/><Season2Time/><Season3Date/><Season3Time/><Season4Date/><Season4Time/><x>-92.0092</x><y>41.6615</y><Location>Local government building grounds</Location><Credit>N</Credit><WIC>N</WIC><WICcash>N</WICcash><SFMNP>N</SFMNP><SNAP>N</SNAP><Organic>Y</Organic><Bakedgoods>Y</Bakedgoods><Cheese>N</Cheese><Crafts>Y</Crafts><Flowers>N</Flowers><Eggs>Y</Eggs><Seafood>N</Seafood><Herbs>N</Herbs><Vegetables>Y</Vegetables><Honey>Y</Honey><Jams>N</Jams><Maple>N</Maple><Meat>N</Meat><Nursery>N</Nursery><Nuts>Y</Nuts><Plants>Y</Plants><Poultry>N</Poultry><Prepared>Y</Prepared><Soap>Y</Soap><Trees>N</Trees><Wine>N</Wine><Coffee>N</Coffee><Beans>N</Beans><Fruits>Y</Fruits><Grains>N</Grains><Juices>N</Juices><Mushrooms>N</Mushrooms><PetFood>N</PetFood><Tofu>N</Tofu><WildHarvested>N</WildHarvested><updateTime>3/14/2014 12:42:00 PM</updateTime></farmersMarket>