<?xml version="1.0" encoding="UTF-8"?>
<farmersMarket xmlns="http://marklogic.com/ferret/demodata"><FMID>1000410</FMID><MarketName>Eureka Springs Farmers Market</MarketName><Website>http://www.eurekaspringsfarmersmarket.com</Website><Facebook>https://www.facebook.com/ESFarmersMarket</Facebook><Twitter/><Youtube/><OtherMedia/><street>2075 E. Van Buren</street><city>Eureka Springs</city><County>Carroll</County><State>Arkansas</State><zip>72632</zip><Season1Date>04/17/2014 to 11/27/2014</Season1Date><Season1Time>Tue: 7:00 AM-12:00 PM;Thu: 7:00 AM-12:00 PM;</Season1Time><Season2Date>12/04/2014 to 04/16/2015</Season2Date><Season2Time>Thu: 9:00 AM-12:00 PM;</Season2Time><Season3Date/><Season3Time/><Season4Date/><Season4Time/><x>-93.731702</x><y>36.391562</y><Location>Private business parking lot</Location><Credit>Y</Credit><WIC>Y</WIC><WICcash>Y</WICcash><SFMNP>Y</SFMNP><SNAP>Y</SNAP><Organic>Y</Organic><Bakedgoods>Y</Bakedgoods><Cheese>Y</Cheese><Crafts>Y</Crafts><Flowers>Y</Flowers><Eggs>Y</Eggs><Seafood>Y</Seafood><Herbs>Y</Herbs><Vegetables>Y</Vegetables><Honey>Y</Honey><Jams>Y</Jams><Maple>N</Maple><Meat>Y</Meat><Nursery>N</Nursery><Nuts>Y</Nuts><Plants>Y</Plants><Poultry>Y</Poultry><Prepared>Y</Prepared><Soap>Y</Soap><Trees>Y</Trees><Wine>N</Wine><Coffee>Y</Coffee><Beans>Y</Beans><Fruits>Y</Fruits><Grains>N</Grains><Juices>N</Juices><Mushrooms>Y</Mushrooms><PetFood>N</PetFood><Tofu>N</Tofu><WildHarvested>N</WildHarvested><updateTime>3/31/2014 7:23:01 PM</updateTime></farmersMarket>