<?xml version="1.0" encoding="UTF-8"?>
<farmersMarket xmlns="http://marklogic.com/ferret/demodata"><FMID>1000323</FMID><MarketName>Hopkins Farmers Market</MarketName><Website>http://www.hopkinsfarmersmarket.com</Website><Facebook>https://www.facebook.com/hopkinsfarmersmarket</Facebook><Twitter/><Youtube/><OtherMedia/><street>16 9th Ave S</street><city>Hopkins</city><County>Hennepin</County><State>Minnesota</State><zip>55343</zip><Season1Date>06/01/2015 to 10/01/2016</Season1Date><Season1Time>Sat: 7:30 AM-12:00 PM;</Season1Time><Season2Date/><Season2Time/><Season3Date/><Season3Time/><Season4Date/><Season4Time/><x>-93.41175</x><y>44.92377</y><Location/><Credit>Y</Credit><WIC>Y</WIC><WICcash>Y</WICcash><SFMNP>Y</SFMNP><SNAP>Y</SNAP><Organic>Y</Organic><Bakedgoods>Y</Bakedgoods><Cheese>Y</Cheese><Crafts>Y</Crafts><Flowers>Y</Flowers><Eggs>Y</Eggs><Seafood>Y</Seafood><Herbs>Y</Herbs><Vegetables>Y</Vegetables><Honey>Y</Honey><Jams>Y</Jams><Maple>Y</Maple><Meat>Y</Meat><Nursery>N</Nursery><Nuts>Y</Nuts><Plants>Y</Plants><Poultry>Y</Poultry><Prepared>Y</Prepared><Soap>Y</Soap><Trees>N</Trees><Wine>N</Wine><Coffee>Y</Coffee><Beans>Y</Beans><Fruits>Y</Fruits><Grains>Y</Grains><Juices>Y</Juices><Mushrooms>Y</Mushrooms><PetFood>Y</PetFood><Tofu>N</Tofu><WildHarvested>Y</WildHarvested><updateTime>7/21/2016 11:59:21 AM</updateTime></farmersMarket>