<?xml version="1.0" encoding="UTF-8"?>
<farmersMarket xmlns="http://marklogic.com/ferret/demodata"><FMID>1000455</FMID><MarketName>Wapakoneta Farmers' Market</MarketName><Website/><Facebook/><Twitter/><Youtube/><OtherMedia/><street>Behind Town By Auglaize River</street><city>Wapakoneta</city><County>Auglaize</County><State>Ohio</State><zip>45895</zip><Season1Date>06/01/2014 to 10/31/2014</Season1Date><Season1Time>Sun: 8:30 AM-12:00 PM;</Season1Time><Season2Date>06/01/2014 to 10/25/2014</Season2Date><Season2Time>Sun: 8:30 AM-12:00 PM;</Season2Time><Season3Date/><Season3Time/><Season4Date/><Season4Time/><x>-84.193602</x><y>40.571217</y><Location>Local government building grounds</Location><Credit>N</Credit><WIC>N</WIC><WICcash>N</WICcash><SFMNP>Y</SFMNP><SNAP>N</SNAP><Organic>N</Organic><Bakedgoods>Y</Bakedgoods><Cheese>N</Cheese><Crafts>Y</Crafts><Flowers>Y</Flowers><Eggs>N</Eggs><Seafood>N</Seafood><Herbs>Y</Herbs><Vegetables>Y</Vegetables><Honey>Y</Honey><Jams>Y</Jams><Maple>Y</Maple><Meat>N</Meat><Nursery>N</Nursery><Nuts>N</Nuts><Plants>Y</Plants><Poultry>N</Poultry><Prepared>N</Prepared><Soap>Y</Soap><Trees>N</Trees><Wine>N</Wine><Coffee>Y</Coffee><Beans>N</Beans><Fruits>Y</Fruits><Grains>N</Grains><Juices>N</Juices><Mushrooms>N</Mushrooms><PetFood>N</PetFood><Tofu>N</Tofu><WildHarvested>N</WildHarvested><updateTime>4/23/2014 7:03:42 AM</updateTime></farmersMarket>