<?xml version="1.0" encoding="UTF-8"?>
<farmersMarket xmlns="http://marklogic.com/ferret/demodata"><FMID>1000301</FMID><MarketName>Petaluma Farmers Market</MarketName><Website/><Facebook>https://www.facebook.com/PetalumaFarmersMarket</Facebook><Twitter/><Youtube/><OtherMedia>Instagram communitymarkets</OtherMedia><street>4th &amp; D Streets</street><city>Petaluma</city><County>Sonoma</County><State>California</State><zip>94952</zip><Season1Date>05/14/2016 to 11/19/2016</Season1Date><Season1Time>Sat: 2:00 PM-5:30 PM;</Season1Time><Season2Date/><Season2Time/><Season3Date/><Season3Time/><Season4Date/><Season4Time/><x>-122.637</x><y>38.2318</y><Location/><Credit>Y</Credit><WIC>Y</WIC><WICcash>Y</WICcash><SFMNP>Y</SFMNP><SNAP>Y</SNAP><Organic>Y</Organic><Bakedgoods>Y</Bakedgoods><Cheese>Y</Cheese><Crafts>Y</Crafts><Flowers>Y</Flowers><Eggs>Y</Eggs><Seafood>Y</Seafood><Herbs>Y</Herbs><Vegetables>Y</Vegetables><Honey>Y</Honey><Jams>Y</Jams><Maple>N</Maple><Meat>Y</Meat><Nursery>N</Nursery><Nuts>Y</Nuts><Plants>Y</Plants><Poultry>Y</Poultry><Prepared>Y</Prepared><Soap>Y</Soap><Trees>Y</Trees><Wine>Y</Wine><Coffee>Y</Coffee><Beans>N</Beans><Fruits>Y</Fruits><Grains>N</Grains><Juices>Y</Juices><Mushrooms>Y</Mushrooms><PetFood>N</PetFood><Tofu>N</Tofu><WildHarvested>N</WildHarvested><updateTime>7/14/2016 3:04:36 PM</updateTime></farmersMarket>