<?xml version="1.0" encoding="UTF-8"?>
<farmersMarket xmlns="http://marklogic.com/ferret/demodata"><FMID>1000210</FMID><MarketName>Colorado Farm and Art Market</MarketName><Website>http://www.farmandartmarket.com</Website><Facebook>https://www.facebook.com/farmandartmarket</Facebook><Twitter>https://twitter.com/cofarmartmarket</Twitter><Youtube/><OtherMedia/><street>7350 Pine Creek Road</street><city>Colorado Springs</city><County>El Paso</County><State>Colorado</State><zip>80919</zip><Season1Date>06/11/2016 to 10/08/2016</Season1Date><Season1Time>Sat: 9:00 AM-1:00 PM;</Season1Time><Season2Date/><Season2Time/><Season3Date/><Season3Time/><Season4Date/><Season4Time/><x>-104.8146880</x><y>38.9377160</y><Location/><Credit>Y</Credit><WIC>N</WIC><WICcash>N</WICcash><SFMNP>N</SFMNP><SNAP>Y</SNAP><Organic>N</Organic><Bakedgoods>Y</Bakedgoods><Cheese>Y</Cheese><Crafts>Y</Crafts><Flowers>Y</Flowers><Eggs>Y</Eggs><Seafood>Y</Seafood><Herbs>Y</Herbs><Vegetables>Y</Vegetables><Honey>Y</Honey><Jams>Y</Jams><Maple>N</Maple><Meat>Y</Meat><Nursery>N</Nursery><Nuts>N</Nuts><Plants>Y</Plants><Poultry>Y</Poultry><Prepared>Y</Prepared><Soap>Y</Soap><Trees>N</Trees><Wine>Y</Wine><Coffee>Y</Coffee><Beans>Y</Beans><Fruits>Y</Fruits><Grains>N</Grains><Juices>Y</Juices><Mushrooms>N</Mushrooms><PetFood>Y</PetFood><Tofu>N</Tofu><WildHarvested>N</WildHarvested><updateTime>6/27/2016 7:03:45 PM</updateTime></farmersMarket>