<?xml version="1.0" encoding="UTF-8"?>
<farmersMarket xmlns="http://marklogic.com/ferret/demodata"><FMID>1000435</FMID><MarketName>Walnut Valley Farmers' Market</MarketName><Website>http://www.wvfmarket.com</Website><Facebook>https://www.facebook.com/pages/Walnut-Valley-Farmers-Market/489969211063190</Facebook><Twitter/><Youtube/><OtherMedia/><street>301 Main Street</street><city>Winfield</city><County>Cowley</County><State>Kansas</State><zip>67156</zip><Season1Date>05/28/2016 to 09/24/2016</Season1Date><Season1Time>Sat: 7:30 AM-11:00 AM;</Season1Time><Season2Date/><Season2Time/><Season3Date/><Season3Time/><Season4Date/><Season4Time/><x>-96.9979989</x><y>37.2471559</y><Location/><Credit>Y</Credit><WIC>N</WIC><WICcash>N</WICcash><SFMNP>Y</SFMNP><SNAP>N</SNAP><Organic>-</Organic><Bakedgoods>Y</Bakedgoods><Cheese>N</Cheese><Crafts>Y</Crafts><Flowers>Y</Flowers><Eggs>Y</Eggs><Seafood>N</Seafood><Herbs>Y</Herbs><Vegetables>Y</Vegetables><Honey>Y</Honey><Jams>Y</Jams><Maple>N</Maple><Meat>Y</Meat><Nursery>N</Nursery><Nuts>Y</Nuts><Plants>Y</Plants><Poultry>N</Poultry><Prepared>N</Prepared><Soap>Y</Soap><Trees>N</Trees><Wine>N</Wine><Coffee>Y</Coffee><Beans>N</Beans><Fruits>Y</Fruits><Grains>N</Grains><Juices>N</Juices><Mushrooms>N</Mushrooms><PetFood>Y</PetFood><Tofu>N</Tofu><WildHarvested>N</WildHarvested><updateTime>6/27/2016 10:17:22 PM</updateTime></farmersMarket>