<?xml version="1.0" encoding="UTF-8"?>
<farmersMarket xmlns="http://marklogic.com/ferret/demodata"><FMID>1000158</FMID><MarketName>Coppell Farmers Market</MarketName><Website>http://www.coppellfarmersmarket.org</Website><Facebook>https://www.facebook.com/pages/Coppell-Farmers-Market/112423382177?ref=br_tf</Facebook><Twitter>https://twitter.com/coppellfm</Twitter><Youtube/><OtherMedia>https://www.instagram.com/coppellfarmersmarket/</OtherMedia><street>768 W. Main Street</street><city>Coppell</city><County>Dallas</County><State>Texas</State><zip>75019</zip><Season1Date>04/04/2015 to 11/30/2016</Season1Date><Season1Time>Sat: 8:00 AM-12:00 PM;</Season1Time><Season2Date>12/05/2015 to</Season2Date><Season2Time>Sat: 8:00 AM-12:00 PM;</Season2Time><Season3Date/><Season3Time/><Season4Date/><Season4Time/><x>-97.007022</x><y>32.952867</y><Location/><Credit>Y</Credit><WIC>N</WIC><WICcash>N</WICcash><SFMNP>N</SFMNP><SNAP>Y</SNAP><Organic>Y</Organic><Bakedgoods>Y</Bakedgoods><Cheese>Y</Cheese><Crafts>Y</Crafts><Flowers>Y</Flowers><Eggs>Y</Eggs><Seafood>Y</Seafood><Herbs>Y</Herbs><Vegetables>Y</Vegetables><Honey>Y</Honey><Jams>Y</Jams><Maple>N</Maple><Meat>Y</Meat><Nursery>N</Nursery><Nuts>Y</Nuts><Plants>Y</Plants><Poultry>Y</Poultry><Prepared>Y</Prepared><Soap>Y</Soap><Trees>N</Trees><Wine>N</Wine><Coffee>Y</Coffee><Beans>N</Beans><Fruits>Y</Fruits><Grains>Y</Grains><Juices>Y</Juices><Mushrooms>Y</Mushrooms><PetFood>Y</PetFood><Tofu>N</Tofu><WildHarvested>Y</WildHarvested><updateTime>6/28/2016 4:33:05 PM</updateTime></farmersMarket>