<?xml version="1.0" encoding="UTF-8"?>
<farmersMarket xmlns="http://marklogic.com/ferret/demodata"><FMID>1000058</FMID><MarketName>Fort Green Park Greenmarket</MarketName><Website>http://www.grownyc.org</Website><Facebook>https://www.facebook.com/BrooklynGreenmarkets</Facebook><Twitter/><Youtube/><OtherMedia/><street>Washington Pk &amp; Dekalb</street><city>New York</city><County>Kings</County><State>New York</State><zip>11205</zip><Season1Date>01/01/2013 to 12/31/2013</Season1Date><Season1Time>Sat: 8:00 AM-4:00 PM;</Season1Time><Season2Date/><Season2Time/><Season3Date/><Season3Time/><Season4Date/><Season4Time/><x>-73.9746</x><y>40.6921</y><Location>Other</Location><Credit>Y</Credit><WIC>Y</WIC><WICcash>Y</WICcash><SFMNP>Y</SFMNP><SNAP>Y</SNAP><Organic>Y</Organic><Bakedgoods>Y</Bakedgoods><Cheese>Y</Cheese><Crafts>N</Crafts><Flowers>N</Flowers><Eggs>Y</Eggs><Seafood>Y</Seafood><Herbs>Y</Herbs><Vegetables>Y</Vegetables><Honey>N</Honey><Jams>Y</Jams><Maple>N</Maple><Meat>Y</Meat><Nursery>N</Nursery><Nuts>N</Nuts><Plants>N</Plants><Poultry>Y</Poultry><Prepared>N</Prepared><Soap>N</Soap><Trees>N</Trees><Wine>Y</Wine><Coffee>N</Coffee><Beans>N</Beans><Fruits>Y</Fruits><Grains>N</Grains><Juices>N</Juices><Mushrooms>N</Mushrooms><PetFood>N</PetFood><Tofu>N</Tofu><WildHarvested>N</WildHarvested><updateTime>7/24/2013 11:16:00 AM</updateTime></farmersMarket>