<?xml version="1.0" encoding="UTF-8"?>
<farmersMarket xmlns="http://marklogic.com/ferret/demodata"><FMID>1000244</FMID><MarketName>Haywood's Historic Farmers Market</MarketName><Website>http://www.waynesvillefarmersmarket.com</Website><Facebook>https://www.facebook.com/waynesvillefarmersmarket</Facebook><Twitter/><Youtube/><OtherMedia/><street>250 Pigeon Street</street><city>Waynesville</city><County>Haywood</County><State>North Carolina</State><zip>28786</zip><Season1Date>05/02/2015 to 11/28/2015</Season1Date><Season1Time>Wed: 8:00 AM-12:00 PM;Sat: 8:00 AM-12:00 PM;</Season1Time><Season2Date/><Season2Time/><Season3Date/><Season3Time/><Season4Date/><Season4Time/><x>-82.984939</x><y>35.485510</y><Location/><Credit>Y</Credit><WIC>N</WIC><WICcash>Y</WICcash><SFMNP>Y</SFMNP><SNAP>Y</SNAP><Organic>N</Organic><Bakedgoods>Y</Bakedgoods><Cheese>Y</Cheese><Crafts>Y</Crafts><Flowers>Y</Flowers><Eggs>Y</Eggs><Seafood>Y</Seafood><Herbs>Y</Herbs><Vegetables>Y</Vegetables><Honey>Y</Honey><Jams>Y</Jams><Maple>N</Maple><Meat>Y</Meat><Nursery>N</Nursery><Nuts>Y</Nuts><Plants>Y</Plants><Poultry>Y</Poultry><Prepared>Y</Prepared><Soap>Y</Soap><Trees>Y</Trees><Wine>N</Wine><Coffee>Y</Coffee><Beans>Y</Beans><Fruits>Y</Fruits><Grains>Y</Grains><Juices>Y</Juices><Mushrooms>Y</Mushrooms><PetFood>N</PetFood><Tofu>N</Tofu><WildHarvested>Y</WildHarvested><updateTime>3/19/2015 1:00:01 PM</updateTime></farmersMarket>