<?xml version="1.0" encoding="UTF-8"?>
<farmersMarket xmlns="http://marklogic.com/ferret/demodata"><FMID>1000155</FMID><MarketName>Starkville Community Market</MarketName><Website>http://www.visit.starkville.org/market</Website><Facebook>https://www.facebook.com/mscollegetown</Facebook><Twitter>https://twitter.com/mscollegetown</Twitter><Youtube/><OtherMedia>Pinterest</OtherMedia><street/><city>Starkville</city><County>Oktibbeha</County><State>Mississippi</State><zip>39759</zip><Season1Date>05/04/2013 to 08/31/2013</Season1Date><Season1Time>Tue: 4:00 PM-6:00 PM;Sat: 7:30 AM-10:30 AM;</Season1Time><Season2Date/><Season2Time/><Season3Date/><Season3Time/><Season4Date/><Season4Time/><x>-88.814166</x><y>33.462861</y><Location>Other</Location><Credit>Y</Credit><WIC>N</WIC><WICcash>N</WICcash><SFMNP>Y</SFMNP><SNAP>Y</SNAP><Organic>Y</Organic><Bakedgoods>Y</Bakedgoods><Cheese>N</Cheese><Crafts>Y</Crafts><Flowers>Y</Flowers><Eggs>Y</Eggs><Seafood>N</Seafood><Herbs>Y</Herbs><Vegetables>Y</Vegetables><Honey>Y</Honey><Jams>Y</Jams><Maple>N</Maple><Meat>N</Meat><Nursery>N</Nursery><Nuts>Y</Nuts><Plants>Y</Plants><Poultry>N</Poultry><Prepared>Y</Prepared><Soap>Y</Soap><Trees>N</Trees><Wine>N</Wine><Coffee>Y</Coffee><Beans>N</Beans><Fruits>Y</Fruits><Grains>N</Grains><Juices>Y</Juices><Mushrooms>N</Mushrooms><PetFood>N</PetFood><Tofu>N</Tofu><WildHarvested>Y</WildHarvested><updateTime>5/12/2014 1:51:29 PM</updateTime></farmersMarket>