<?xml version="1.0" encoding="UTF-8"?>
<farmersMarket xmlns="http://marklogic.com/ferret/demodata"><FMID>1000138</FMID><MarketName>JACKSONVILLE ALABAMA FARMERS MARKET</MarketName><Website>http://www.jacksonvillealfarmersmarket.com</Website><Facebook>https://www.facebook.com/jacksonvillealfarmersmarket</Facebook><Twitter/><Youtube/><OtherMedia/><street>206 Ladiga St</street><city>JACKSONVILLE</city><County>Calhoun</County><State>Alabama</State><zip>36265</zip><Season1Date>05/06/2013 to 11/16/2013</Season1Date><Season1Time>Sat: 7:00 AM-11:00 AM;</Season1Time><Season2Date/><Season2Time/><Season3Date/><Season3Time/><Season4Date/><Season4Time/><x>-85.760351</x><y>33.813512</y><Location>Other</Location><Credit>Y</Credit><WIC>N</WIC><WICcash>N</WICcash><SFMNP>Y</SFMNP><SNAP>Y</SNAP><Organic>N</Organic><Bakedgoods>Y</Bakedgoods><Cheese>Y</Cheese><Crafts>Y</Crafts><Flowers>Y</Flowers><Eggs>Y</Eggs><Seafood>N</Seafood><Herbs>Y</Herbs><Vegetables>Y</Vegetables><Honey>Y</Honey><Jams>Y</Jams><Maple>N</Maple><Meat>N</Meat><Nursery>N</Nursery><Nuts>N</Nuts><Plants>Y</Plants><Poultry>N</Poultry><Prepared>Y</Prepared><Soap>Y</Soap><Trees>Y</Trees><Wine>N</Wine><Coffee>N</Coffee><Beans>N</Beans><Fruits>Y</Fruits><Grains>N</Grains><Juices>N</Juices><Mushrooms>N</Mushrooms><PetFood>N</PetFood><Tofu>N</Tofu><WildHarvested>N</WildHarvested><updateTime>6/18/2013 9:04:10 AM</updateTime></farmersMarket>