<?xml version="1.0" encoding="UTF-8"?>
<farmersMarket xmlns="http://marklogic.com/ferret/demodata"><FMID>1000133</FMID><MarketName>Larimer County Farmers' Market</MarketName><Website>http://www.larimercountyfarmersmarket.org</Website><Facebook>https://www.facebook.com/larimercountyfarmersmarket</Facebook><Twitter>https://twitter.com/larimercountyfm</Twitter><Youtube/><OtherMedia/><street>200 W. Oak Street</street><city>Fort Collins</city><County>Larimer</County><State>Colorado</State><zip>80521</zip><Season1Date>05/17/2014 to 10/25/2014</Season1Date><Season1Time>Sat: 8:00 AM-12:00 PM;</Season1Time><Season2Date/><Season2Time/><Season3Date/><Season3Time/><Season4Date/><Season4Time/><x>-105.0798</x><y>40.58578</y><Location>Local government building grounds</Location><Credit>Y</Credit><WIC>N</WIC><WICcash>Y</WICcash><SFMNP>N</SFMNP><SNAP>Y</SNAP><Organic>Y</Organic><Bakedgoods>Y</Bakedgoods><Cheese>Y</Cheese><Crafts>Y</Crafts><Flowers>Y</Flowers><Eggs>Y</Eggs><Seafood>N</Seafood><Herbs>Y</Herbs><Vegetables>Y</Vegetables><Honey>Y</Honey><Jams>Y</Jams><Maple>N</Maple><Meat>Y</Meat><Nursery>N</Nursery><Nuts>N</Nuts><Plants>Y</Plants><Poultry>Y</Poultry><Prepared>Y</Prepared><Soap>Y</Soap><Trees>N</Trees><Wine>Y</Wine><Coffee>Y</Coffee><Beans>N</Beans><Fruits>Y</Fruits><Grains>N</Grains><Juices>Y</Juices><Mushrooms>Y</Mushrooms><PetFood>Y</PetFood><Tofu>Y</Tofu><WildHarvested>N</WildHarvested><updateTime>3/13/2014 4:41:49 PM</updateTime></farmersMarket>