<?xml version="1.0" encoding="UTF-8"?>
<farmersMarket xmlns="http://marklogic.com/ferret/demodata"><FMID>1000176</FMID><MarketName>North Raleigh Farmers' Market</MarketName><Website>http://www.northraleighfarmersmarket.com</Website><Facebook/><Twitter/><Youtube/><OtherMedia/><street>1145 Falls River Avenue</street><city>Raleigh</city><County>Wake</County><State>North Carolina</State><zip>27614</zip><Season1Date>April to October</Season1Date><Season1Time>Wed:3:00 PM - 6:00 PM;Sat:8:00 AM - 12:00 PM;</Season1Time><Season2Date>November to March</Season2Date><Season2Time>Sat:9:00 AM - 12:00 PM;</Season2Time><Season3Date/><Season3Time/><Season4Date/><Season4Time/><x>-78.588660</x><y>35.906849</y><Location>Private business parking lot</Location><Credit>Y</Credit><WIC>N</WIC><WICcash>N</WICcash><SFMNP>N</SFMNP><SNAP>N</SNAP><Organic>N</Organic><Bakedgoods>Y</Bakedgoods><Cheese>N</Cheese><Crafts>Y</Crafts><Flowers>Y</Flowers><Eggs>Y</Eggs><Seafood>N</Seafood><Herbs>Y</Herbs><Vegetables>Y</Vegetables><Honey>Y</Honey><Jams>N</Jams><Maple>N</Maple><Meat>Y</Meat><Nursery>Y</Nursery><Nuts>N</Nuts><Plants>Y</Plants><Poultry>Y</Poultry><Prepared>Y</Prepared><Soap>Y</Soap><Trees>Y</Trees><Wine>N</Wine><Coffee>N</Coffee><Beans>N</Beans><Fruits>N</Fruits><Grains>N</Grains><Juices>N</Juices><Mushrooms>N</Mushrooms><PetFood>N</PetFood><Tofu>N</Tofu><WildHarvested>N</WildHarvested><updateTime>4/27/2012 10:05:29 AM</updateTime></farmersMarket>