<?xml version="1.0" encoding="UTF-8"?>
<farmersMarket xmlns="http://marklogic.com/ferret/demodata"><FMID>1000003</FMID><MarketName>Edmore Farmers Market</MarketName><Website>http://www.Edmore.org</Website><Facebook>https://www.facebook.com/EdmoreFarmersMarket</Facebook><Twitter>https://Twitter.com/edmoremarket</Twitter><Youtube/><OtherMedia/><street>Corner of Lewis Street and Pine Street</street><city>Edmore</city><County>Montcalm</County><State>Michigan</State><zip>48829</zip><Season1Date>05/31/2014 to 10/31/2014</Season1Date><Season1Time>Tue: 3:00 PM-6:30 PM;Fri: 8:00 AM-1:00 PM;</Season1Time><Season2Date/><Season2Time/><Season3Date/><Season3Time/><Season4Date/><Season4Time/><x>-85.0375810</x><y>43.4060489</y><Location>Local government building grounds</Location><Credit>Y</Credit><WIC>Y</WIC><WICcash>N</WICcash><SFMNP>Y</SFMNP><SNAP>Y</SNAP><Organic>Y</Organic><Bakedgoods>Y</Bakedgoods><Cheese>N</Cheese><Crafts>Y</Crafts><Flowers>Y</Flowers><Eggs>Y</Eggs><Seafood>N</Seafood><Herbs>Y</Herbs><Vegetables>Y</Vegetables><Honey>Y</Honey><Jams>Y</Jams><Maple>Y</Maple><Meat>N</Meat><Nursery>N</Nursery><Nuts>Y</Nuts><Plants>Y</Plants><Poultry>N</Poultry><Prepared>Y</Prepared><Soap>Y</Soap><Trees>N</Trees><Wine>N</Wine><Coffee>N</Coffee><Beans>N</Beans><Fruits>Y</Fruits><Grains>N</Grains><Juices>N</Juices><Mushrooms>N</Mushrooms><PetFood>N</PetFood><Tofu>N</Tofu><WildHarvested>N</WildHarvested><updateTime>3/14/2014 11:06:18 AM</updateTime></farmersMarket>