<?xml version="1.0" encoding="UTF-8"?>
<farmersMarket xmlns="http://marklogic.com/ferret/demodata"><FMID>1000409</FMID><MarketName>Safford Farmers' Market</MarketName><Website>http://www.safford.net/farmers.html</Website><Facebook>https://www.facebook.com/groups/504673472890192/</Facebook><Twitter/><Youtube/><OtherMedia/><street>Firth Park in Safford, AZ Highway 70</street><city>Safford</city><County>Graham</County><State>Arizona</State><zip>85546</zip><Season1Date>11/01/2013</Season1Date><Season1Time>Tue: 7:30 AM-12:00 PM;Sat: 7:30 AM-12:00 PM;</Season1Time><Season2Date/><Season2Time/><Season3Date/><Season3Time/><Season4Date/><Season4Time/><x>-109.720004</x><y>32.834595</y><Location>Local government building grounds</Location><Credit>N</Credit><WIC>Y</WIC><WICcash>Y</WICcash><SFMNP>Y</SFMNP><SNAP>N</SNAP><Organic>N</Organic><Bakedgoods>Y</Bakedgoods><Cheese>N</Cheese><Crafts>N</Crafts><Flowers>N</Flowers><Eggs>Y</Eggs><Seafood>N</Seafood><Herbs>N</Herbs><Vegetables>Y</Vegetables><Honey>N</Honey><Jams>N</Jams><Maple>N</Maple><Meat>N</Meat><Nursery>N</Nursery><Nuts>Y</Nuts><Plants>Y</Plants><Poultry>N</Poultry><Prepared>N</Prepared><Soap>N</Soap><Trees>Y</Trees><Wine>N</Wine><Coffee>N</Coffee><Beans>N</Beans><Fruits>Y</Fruits><Grains>Y</Grains><Juices>N</Juices><Mushrooms>N</Mushrooms><PetFood>N</PetFood><Tofu>N</Tofu><WildHarvested>N</WildHarvested><updateTime>3/14/2014 11:05:31 AM</updateTime></farmersMarket>