<?xml version="1.0" encoding="UTF-8"?>
<farmersMarket xmlns="http://marklogic.com/ferret/demodata"><FMID>1000480</FMID><MarketName>The Carolina Apartments-Seeds of Hope</MarketName><Website/><Facebook/><Twitter/><Youtube/><OtherMedia/><street>3201 Meadowlark Dr., , SC</street><city>Columbia</city><County>Richland</County><State>South Carolina</State><zip>29201</zip><Season1Date>06/12/2014 to 08/07/2014</Season1Date><Season1Time>Thu: 12:00 PM-2:00 PM;</Season1Time><Season2Date/><Season2Time/><Season3Date/><Season3Time/><Season4Date/><Season4Time/><x>-80.998895</x><y>34.037248</y><Location>Other</Location><Credit>N</Credit><WIC>Y</WIC><WICcash>Y</WICcash><SFMNP>Y</SFMNP><SNAP>N</SNAP><Organic>N</Organic><Bakedgoods>N</Bakedgoods><Cheese>N</Cheese><Crafts>N</Crafts><Flowers>N</Flowers><Eggs>N</Eggs><Seafood>N</Seafood><Herbs>N</Herbs><Vegetables>N</Vegetables><Honey>N</Honey><Jams>N</Jams><Maple>N</Maple><Meat>N</Meat><Nursery>N</Nursery><Nuts>N</Nuts><Plants>N</Plants><Poultry>N</Poultry><Prepared>N</Prepared><Soap>N</Soap><Trees>N</Trees><Wine>N</Wine><Coffee>N</Coffee><Beans>N</Beans><Fruits>N</Fruits><Grains>N</Grains><Juices>N</Juices><Mushrooms>N</Mushrooms><PetFood>N</PetFood><Tofu>N</Tofu><WildHarvested>N</WildHarvested><updateTime>3/31/2014 9:58:01 PM</updateTime></farmersMarket>