<?xml version="1.0" encoding="UTF-8"?>
<farmersMarket xmlns="http://marklogic.com/ferret/demodata"><FMID>1000432</FMID><MarketName>Downtown Appleton Indoor Winter Farm Market</MarketName><Website>http://www.appletondowntown.org</Website><Facebook>https://www.facebook.com/downtownappletonfarmmarket</Facebook><Twitter/><Youtube/><OtherMedia/><street>100 College Avenue, City Center Plaza</street><city>Appleton</city><County>Outagamie</County><State>Wisconsin</State><zip>54911</zip><Season1Date>11/01/2016 to 05/27/2017</Season1Date><Season1Time>Sat: 9:00 AM-12:30 PM;</Season1Time><Season2Date/><Season2Time/><Season3Date/><Season3Time/><Season4Date/><Season4Time/><x>-88.4060597</x><y>44.2624663</y><Location/><Credit>Y</Credit><WIC>Y</WIC><WICcash>N</WICcash><SFMNP>N</SFMNP><SNAP>Y</SNAP><Organic>N</Organic><Bakedgoods>Y</Bakedgoods><Cheese>Y</Cheese><Crafts>Y</Crafts><Flowers>N</Flowers><Eggs>Y</Eggs><Seafood>Y</Seafood><Herbs>Y</Herbs><Vegetables>Y</Vegetables><Honey>Y</Honey><Jams>Y</Jams><Maple>Y</Maple><Meat>Y</Meat><Nursery>N</Nursery><Nuts>Y</Nuts><Plants>Y</Plants><Poultry>Y</Poultry><Prepared>Y</Prepared><Soap>Y</Soap><Trees>N</Trees><Wine>N</Wine><Coffee>N</Coffee><Beans>N</Beans><Fruits>Y</Fruits><Grains>N</Grains><Juices>N</Juices><Mushrooms>Y</Mushrooms><PetFood>N</PetFood><Tofu>N</Tofu><WildHarvested>N</WildHarvested><updateTime>8/29/2016 4:43:21 PM</updateTime></farmersMarket>