<?xml version="1.0" encoding="UTF-8"?>
<farmersMarket xmlns="http://marklogic.com/ferret/demodata"><FMID>1000560</FMID><MarketName>Klamath Falls Farmers Market Assoc. Inc.</MarketName><Website>http://www.klamathfallsfarmersmarket.org</Website><Facebook>https://www.facebook.com/pages/Klamath-Falls-Farmers-Market/399618840083261</Facebook><Twitter/><Youtube/><OtherMedia/><street>100 block S 9th st.</street><city>Klamath Falls</city><County>Klamath</County><State>Oregon</State><zip>97601</zip><Season1Date>06/04/2016 to 10/15/2016</Season1Date><Season1Time>Sat: 9:00 AM-1:30 PM;</Season1Time><Season2Date/><Season2Time/><Season3Date/><Season3Time/><Season4Date/><Season4Time/><x>-121.779885</x><y>42.226484</y><Location/><Credit>Y</Credit><WIC>Y</WIC><WICcash>Y</WICcash><SFMNP>Y</SFMNP><SNAP>Y</SNAP><Organic>Y</Organic><Bakedgoods>Y</Bakedgoods><Cheese>Y</Cheese><Crafts>Y</Crafts><Flowers>Y</Flowers><Eggs>Y</Eggs><Seafood>N</Seafood><Herbs>Y</Herbs><Vegetables>Y</Vegetables><Honey>Y</Honey><Jams>Y</Jams><Maple>N</Maple><Meat>Y</Meat><Nursery>N</Nursery><Nuts>N</Nuts><Plants>Y</Plants><Poultry>Y</Poultry><Prepared>Y</Prepared><Soap>Y</Soap><Trees>Y</Trees><Wine>N</Wine><Coffee>Y</Coffee><Beans>Y</Beans><Fruits>Y</Fruits><Grains>Y</Grains><Juices>Y</Juices><Mushrooms>Y</Mushrooms><PetFood>N</PetFood><Tofu>N</Tofu><WildHarvested>Y</WildHarvested><updateTime>8/10/2016 12:53:34 AM</updateTime></farmersMarket>