<?xml version="1.0" encoding="UTF-8"?>
<farmersMarket xmlns="http://marklogic.com/ferret/demodata"><FMID>1000648</FMID><MarketName>The Warrington Farmers' Market at Valley Square</MarketName><Website>http://www.shopvalleysquare.com</Website><Facebook/><Twitter/><Youtube/><OtherMedia/><street>Route 611 &amp; Street Road</street><city>Warrington</city><County>Bucks</County><State>Pennsylvania</State><zip>18976</zip><Season1Date/><Season1Time/><Season2Date/><Season2Time/><Season3Date/><Season3Time/><Season4Date/><Season4Time/><x>-75.1386</x><y>40.2295</y><Location/><Credit>N</Credit><WIC>N</WIC><WICcash>N</WICcash><SFMNP>N</SFMNP><SNAP>N</SNAP><Organic>-</Organic><Bakedgoods>N</Bakedgoods><Cheese>N</Cheese><Crafts>N</Crafts><Flowers>N</Flowers><Eggs>N</Eggs><Seafood>N</Seafood><Herbs>N</Herbs><Vegetables>N</Vegetables><Honey>N</Honey><Jams>N</Jams><Maple>N</Maple><Meat>N</Meat><Nursery>N</Nursery><Nuts>N</Nuts><Plants>N</Plants><Poultry>N</Poultry><Prepared>N</Prepared><Soap>N</Soap><Trees>N</Trees><Wine>N</Wine><Coffee>N</Coffee><Beans>N</Beans><Fruits>N</Fruits><Grains>N</Grains><Juices>N</Juices><Mushrooms>N</Mushrooms><PetFood>N</PetFood><Tofu>N</Tofu><WildHarvested>N</WildHarvested><updateTime>Jun  2 2010 12:15PM</updateTime></farmersMarket>