<?xml version="1.0" encoding="UTF-8"?>
<farmersMarket xmlns="http://marklogic.com/ferret/demodata"><FMID>1000665</FMID><MarketName>Waldorf Farmers Market</MarketName><Website>http://www.waldorffarmersmarket.com</Website><Facebook>https://www.facebook.com/pages/Waldorf-Farmers-Market/157000144324225</Facebook><Twitter/><Youtube/><OtherMedia/><street>10400 O'DONNELL PL</street><city>Waldorf</city><County>Charles</County><State>Maryland</State><zip>20601</zip><Season1Date>05/03/2014 to 11/22/2014</Season1Date><Season1Time>Sat: 9:00 AM-1:00 PM;</Season1Time><Season2Date/><Season2Time/><Season3Date/><Season3Time/><Season4Date/><Season4Time/><x>-76.931468</x><y>38.619894</y><Location>Private business parking lot</Location><Credit>Y</Credit><WIC>N</WIC><WICcash>Y</WICcash><SFMNP>Y</SFMNP><SNAP>Y</SNAP><Organic>-</Organic><Bakedgoods>Y</Bakedgoods><Cheese>N</Cheese><Crafts>Y</Crafts><Flowers>Y</Flowers><Eggs>Y</Eggs><Seafood>N</Seafood><Herbs>Y</Herbs><Vegetables>Y</Vegetables><Honey>Y</Honey><Jams>Y</Jams><Maple>N</Maple><Meat>N</Meat><Nursery>N</Nursery><Nuts>N</Nuts><Plants>Y</Plants><Poultry>N</Poultry><Prepared>N</Prepared><Soap>Y</Soap><Trees>N</Trees><Wine>N</Wine><Coffee>N</Coffee><Beans>N</Beans><Fruits>Y</Fruits><Grains>N</Grains><Juices>N</Juices><Mushrooms>N</Mushrooms><PetFood>N</PetFood><Tofu>N</Tofu><WildHarvested>N</WildHarvested><updateTime>3/15/2014 1:48:27 PM</updateTime></farmersMarket>