<?xml version="1.0" encoding="UTF-8"?>
<farmersMarket xmlns="http://marklogic.com/ferret/demodata"><FMID>1000604</FMID><MarketName>Rhinebeck Farmers Market</MarketName><Website>http://www.rhinebeckfarmersmarket.com</Website><Facebook>https://www.facebook.com/RhinebeckFarmersMarket?ref=ts</Facebook><Twitter>https://twitter.com/rhinebeckmkt</Twitter><Youtube/><OtherMedia>https://www.instagram.com/rhinebeckmkt/</OtherMedia><street>80 East Market St</street><city>Rhinebeck</city><County>Dutchess</County><State>New York</State><zip>12572</zip><Season1Date/><Season1Time>Sun: 10:00 AM-2:00 PM;</Season1Time><Season2Date/><Season2Time/><Season3Date/><Season3Time/><Season4Date/><Season4Time/><x>-73.9089610</x><y>41.9267700</y><Location/><Credit>Y</Credit><WIC>Y</WIC><WICcash>N</WICcash><SFMNP>Y</SFMNP><SNAP>Y</SNAP><Organic>Y</Organic><Bakedgoods>Y</Bakedgoods><Cheese>Y</Cheese><Crafts>Y</Crafts><Flowers>Y</Flowers><Eggs>Y</Eggs><Seafood>N</Seafood><Herbs>Y</Herbs><Vegetables>Y</Vegetables><Honey>Y</Honey><Jams>Y</Jams><Maple>Y</Maple><Meat>Y</Meat><Nursery>N</Nursery><Nuts>N</Nuts><Plants>Y</Plants><Poultry>Y</Poultry><Prepared>Y</Prepared><Soap>Y</Soap><Trees>N</Trees><Wine>Y</Wine><Coffee>N</Coffee><Beans>Y</Beans><Fruits>Y</Fruits><Grains>Y</Grains><Juices>Y</Juices><Mushrooms>Y</Mushrooms><PetFood>N</PetFood><Tofu>N</Tofu><WildHarvested>Y</WildHarvested><updateTime>9/21/2016 3:23:26 PM</updateTime></farmersMarket>