<?xml version="1.0" encoding="UTF-8"?>
<farmersMarket xmlns="http://marklogic.com/ferret/demodata"><FMID>1000336</FMID><MarketName>The Garden Patch</MarketName><Website>http://www.lsuagcenter.com</Website><Facebook/><Twitter/><Youtube/><OtherMedia/><street>8592 Hwy 1</street><city>Mansura</city><County>Avoyelles</County><State>Louisiana</State><zip>71350</zip><Season1Date>January to December</Season1Date><Season1Time>Mon:3:00 PM - 6:00 PM;Tue:3:00 PM - 6:00 PM;Wed:3:00 PM - 6:00 PM;Thu:3:00 PM - 6:00 PM;Fri:3:00 PM - 6:00 PM;</Season1Time><Season2Date/><Season2Time/><Season3Date/><Season3Time/><Season4Date/><Season4Time/><x>-92.0441339</x><y>31.0651622</y><Location>Local government building grounds</Location><Credit>N</Credit><WIC>N</WIC><WICcash>N</WICcash><SFMNP>Y</SFMNP><SNAP>N</SNAP><Organic>N</Organic><Bakedgoods>Y</Bakedgoods><Cheese>Y</Cheese><Crafts>N</Crafts><Flowers>Y</Flowers><Eggs>N</Eggs><Seafood>N</Seafood><Herbs>Y</Herbs><Vegetables>Y</Vegetables><Honey>Y</Honey><Jams>Y</Jams><Maple>N</Maple><Meat>Y</Meat><Nursery>Y</Nursery><Nuts>N</Nuts><Plants>Y</Plants><Poultry>N</Poultry><Prepared>N</Prepared><Soap>N</Soap><Trees>Y</Trees><Wine>N</Wine><Coffee>N</Coffee><Beans>N</Beans><Fruits>N</Fruits><Grains>N</Grains><Juices>N</Juices><Mushrooms>N</Mushrooms><PetFood>N</PetFood><Tofu>N</Tofu><WildHarvested>N</WildHarvested><updateTime>5/15/2012 12:44:51 PM</updateTime></farmersMarket>