<?xml version="1.0" encoding="UTF-8"?>
<farmersMarket xmlns="http://marklogic.com/ferret/demodata"><FMID>1000373</FMID><MarketName>Tacoma Farmers Markets -  Broadway</MarketName><Website>http://www.tacomafarmersmarket.com</Website><Facebook>https://www.facebook.com/TacomaFarmersMarket</Facebook><Twitter>https://twitter.com/TacomasMarkets</Twitter><Youtube/><OtherMedia/><street>South 56th Street &amp; Washington Street</street><city>Tacoma</city><County>Pierce</County><State>Washington</State><zip>98409</zip><Season1Date/><Season1Time/><Season2Date/><Season2Time/><Season3Date/><Season3Time/><Season4Date/><Season4Time/><x>-122.485</x><y>47.2061</y><Location>Private business parking lot</Location><Credit>N</Credit><WIC>Y</WIC><WICcash>Y</WICcash><SFMNP>Y</SFMNP><SNAP>N</SNAP><Organic>-</Organic><Bakedgoods>N</Bakedgoods><Cheese>N</Cheese><Crafts>N</Crafts><Flowers>N</Flowers><Eggs>N</Eggs><Seafood>N</Seafood><Herbs>N</Herbs><Vegetables>N</Vegetables><Honey>N</Honey><Jams>N</Jams><Maple>N</Maple><Meat>N</Meat><Nursery>N</Nursery><Nuts>N</Nuts><Plants>N</Plants><Poultry>N</Poultry><Prepared>N</Prepared><Soap>N</Soap><Trees>N</Trees><Wine>N</Wine><Coffee>N</Coffee><Beans>N</Beans><Fruits>N</Fruits><Grains>N</Grains><Juices>N</Juices><Mushrooms>N</Mushrooms><PetFood>N</PetFood><Tofu>N</Tofu><WildHarvested>N</WildHarvested><updateTime>2/22/2012 3:39:20 PM</updateTime></farmersMarket>