<?xml version="1.0" encoding="UTF-8"?>
<farmersMarket xmlns="http://marklogic.com/ferret/demodata"><FMID>1000121</FMID><MarketName>Heritage Commons Farmers Market</MarketName><Website>http://www.iatp.org/minimarkets</Website><Facebook/><Twitter/><Youtube/><OtherMedia/><street>350 Van White Memorial Blvd</street><city>Minneapolis</city><County>Hennepin</County><State>Minnesota</State><zip>55405</zip><Season1Date>July to September</Season1Date><Season1Time>Wed:10:00 AM - 1:00 PM;</Season1Time><Season2Date/><Season2Time/><Season3Date/><Season3Time/><Season4Date/><Season4Time/><x>-93.293452</x><y>44.981329</y><Location>Local government building grounds</Location><Credit>N</Credit><WIC>Y</WIC><WICcash>N</WICcash><SFMNP>Y</SFMNP><SNAP>Y</SNAP><Organic>-</Organic><Bakedgoods>N</Bakedgoods><Cheese>N</Cheese><Crafts>N</Crafts><Flowers>N</Flowers><Eggs>N</Eggs><Seafood>N</Seafood><Herbs>N</Herbs><Vegetables>Y</Vegetables><Honey>N</Honey><Jams>N</Jams><Maple>N</Maple><Meat>N</Meat><Nursery>N</Nursery><Nuts>N</Nuts><Plants>N</Plants><Poultry>N</Poultry><Prepared>N</Prepared><Soap>N</Soap><Trees>N</Trees><Wine>N</Wine><Coffee>N</Coffee><Beans>N</Beans><Fruits>N</Fruits><Grains>N</Grains><Juices>N</Juices><Mushrooms>N</Mushrooms><PetFood>N</PetFood><Tofu>N</Tofu><WildHarvested>N</WildHarvested><updateTime>5/11/2012 2:43:55 PM</updateTime></farmersMarket>