<?xml version="1.0" encoding="UTF-8"?>
<farmersMarket xmlns="http://marklogic.com/ferret/demodata"><FMID>1000264</FMID><MarketName>Crescent City Farmers Market</MarketName><Website>http://www.crescentcityfarmersmarket.org</Website><Facebook>https://www.facebook.com/pages/Crescent-City-Farmers-Market/12780011170</Facebook><Twitter>https://twitter.com/ccfmtweets</Twitter><Youtube/><OtherMedia>instagram: @crescentcityfarmersmkt</OtherMedia><street>3700 Orleans Ave</street><city>New Orleans</city><County>Orleans</County><State>Louisiana</State><zip>70119</zip><Season1Date>01/01/2016 to 12/31/2016</Season1Date><Season1Time>Thu: 3:00 PM-7:00 PM;</Season1Time><Season2Date/><Season2Time/><Season3Date/><Season3Time/><Season4Date/><Season4Time/><x>-90.091880</x><y>29.976711</y><Location/><Credit>Y</Credit><WIC>Y</WIC><WICcash>N</WICcash><SFMNP>Y</SFMNP><SNAP>Y</SNAP><Organic>-</Organic><Bakedgoods>Y</Bakedgoods><Cheese>Y</Cheese><Crafts>N</Crafts><Flowers>Y</Flowers><Eggs>Y</Eggs><Seafood>Y</Seafood><Herbs>Y</Herbs><Vegetables>Y</Vegetables><Honey>Y</Honey><Jams>Y</Jams><Maple>N</Maple><Meat>N</Meat><Nursery>N</Nursery><Nuts>Y</Nuts><Plants>Y</Plants><Poultry>Y</Poultry><Prepared>Y</Prepared><Soap>N</Soap><Trees>N</Trees><Wine>N</Wine><Coffee>N</Coffee><Beans>Y</Beans><Fruits>Y</Fruits><Grains>N</Grains><Juices>Y</Juices><Mushrooms>Y</Mushrooms><PetFood>N</PetFood><Tofu>Y</Tofu><WildHarvested>Y</WildHarvested><updateTime>6/29/2016 3:47:22 PM</updateTime></farmersMarket>