<?xml version="1.0" encoding="UTF-8"?>
<farmersMarket xmlns="http://marklogic.com/ferret/demodata"><FMID>1000574</FMID><MarketName>The BLVD Farmers' Market</MarketName><Website>http://www.cityoflancasterca.org/farmersmarket</Website><Facebook/><Twitter/><Youtube/><OtherMedia/><street>706 W. Lancaster Blvd.</street><city>Lancaster</city><County>Los Angeles</County><State>California</State><zip>93534</zip><Season1Date>05/02/2013 to 10/31/2013</Season1Date><Season1Time>Thu: 4:00 PM-9:00 PM;</Season1Time><Season2Date>11/07/2013 to 04/24/2014</Season2Date><Season2Time>Thu: 12:00 PM-5:00 PM;</Season2Time><Season3Date/><Season3Time/><Season4Date/><Season4Time/><x>-118.1422385</x><y>34.6977582</y><Location>Closed-off public street</Location><Credit>N</Credit><WIC>N</WIC><WICcash>N</WICcash><SFMNP>N</SFMNP><SNAP>N</SNAP><Organic>-</Organic><Bakedgoods>Y</Bakedgoods><Cheese>N</Cheese><Crafts>Y</Crafts><Flowers>N</Flowers><Eggs>N</Eggs><Seafood>N</Seafood><Herbs>N</Herbs><Vegetables>Y</Vegetables><Honey>Y</Honey><Jams>Y</Jams><Maple>N</Maple><Meat>N</Meat><Nursery>N</Nursery><Nuts>N</Nuts><Plants>N</Plants><Poultry>N</Poultry><Prepared>Y</Prepared><Soap>N</Soap><Trees>N</Trees><Wine>N</Wine><Coffee>N</Coffee><Beans>N</Beans><Fruits>Y</Fruits><Grains>N</Grains><Juices>N</Juices><Mushrooms>N</Mushrooms><PetFood>N</PetFood><Tofu>N</Tofu><WildHarvested>N</WildHarvested><updateTime>6/12/2013 11:44:34 AM</updateTime></farmersMarket>