<?xml version="1.0" encoding="UTF-8"?>
<farmersMarket xmlns="http://marklogic.com/ferret/demodata"><FMID>1000384</FMID><MarketName>Webster's Joe Obbie Farmers' Market, Inc.</MarketName><Website>http://www.webstersjoeobbiefarmersmarketinc.org</Website><Facebook>https://www.facebook.com/pages/Websters-Joe-Obbie-Farmers-Market-Inc/271407932889827</Facebook><Twitter/><Youtube/><OtherMedia/><street>1028 Ridge Road, Webster Towne Center</street><city>Webster</city><County>Monroe</County><State>New York</State><zip>14580</zip><Season1Date>06/13/2015 to 10/31/2015</Season1Date><Season1Time>Wed: 3:00 PM-6:00 PM;Sat: 8:30 AM-1:00 PM;</Season1Time><Season2Date/><Season2Time/><Season3Date/><Season3Time/><Season4Date/><Season4Time/><x>-77.452948</x><y>43.212229</y><Location/><Credit>Y</Credit><WIC>Y</WIC><WICcash>N</WICcash><SFMNP>Y</SFMNP><SNAP>Y</SNAP><Organic>-</Organic><Bakedgoods>Y</Bakedgoods><Cheese>Y</Cheese><Crafts>Y</Crafts><Flowers>Y</Flowers><Eggs>Y</Eggs><Seafood>N</Seafood><Herbs>Y</Herbs><Vegetables>Y</Vegetables><Honey>Y</Honey><Jams>Y</Jams><Maple>Y</Maple><Meat>Y</Meat><Nursery>N</Nursery><Nuts>Y</Nuts><Plants>N</Plants><Poultry>Y</Poultry><Prepared>N</Prepared><Soap>Y</Soap><Trees>N</Trees><Wine>N</Wine><Coffee>Y</Coffee><Beans>N</Beans><Fruits>Y</Fruits><Grains>N</Grains><Juices>Y</Juices><Mushrooms>N</Mushrooms><PetFood>N</PetFood><Tofu>N</Tofu><WildHarvested>N</WildHarvested><updateTime>3/19/2015 12:36:56 PM</updateTime></farmersMarket>