<?xml version="1.0" encoding="UTF-8"?>
<farmersMarket xmlns="http://marklogic.com/ferret/demodata"><FMID>1000620</FMID><MarketName>Salem Farmers Market</MarketName><Website>http://www.salemcitynj.com</Website><Facebook/><Twitter/><Youtube/><OtherMedia/><street>155 W. Broadway</street><city>Salem</city><County>Salem</County><State>New Jersey</State><zip>08079</zip><Season1Date>May to August</Season1Date><Season1Time>Thu:10:00 AM - 2:00 PM;</Season1Time><Season2Date/><Season2Time/><Season3Date/><Season3Time/><Season4Date/><Season4Time/><x>-75.4680510</x><y>39.5721530</y><Location>Healthcare Institution</Location><Credit>N</Credit><WIC>N</WIC><WICcash>Y</WICcash><SFMNP>Y</SFMNP><SNAP>Y</SNAP><Organic>-</Organic><Bakedgoods>Y</Bakedgoods><Cheese>Y</Cheese><Crafts>Y</Crafts><Flowers>Y</Flowers><Eggs>Y</Eggs><Seafood>N</Seafood><Herbs>Y</Herbs><Vegetables>Y</Vegetables><Honey>Y</Honey><Jams>N</Jams><Maple>N</Maple><Meat>N</Meat><Nursery>Y</Nursery><Nuts>N</Nuts><Plants>Y</Plants><Poultry>N</Poultry><Prepared>Y</Prepared><Soap>Y</Soap><Trees>N</Trees><Wine>N</Wine><Coffee>N</Coffee><Beans>N</Beans><Fruits>N</Fruits><Grains>N</Grains><Juices>N</Juices><Mushrooms>N</Mushrooms><PetFood>N</PetFood><Tofu>N</Tofu><WildHarvested>N</WildHarvested><updateTime>5/15/2012 9:17:48 AM</updateTime></farmersMarket>