<?xml version="1.0" encoding="UTF-8"?>
<farmersMarket xmlns="http://marklogic.com/ferret/demodata"><FMID>1000199</FMID><MarketName>Fairbanks Downtown Market</MarketName><Website>http://www.downtownfairbanks.com</Website><Facebook>https://www.facebook.com/downtownfairbanks</Facebook><Twitter>https://twitter.com/DTFairbanksAK</Twitter><Youtube/><OtherMedia/><street>1st Avenue</street><city>Fairbanks</city><County>Fairbanks North Star</County><State>Alaska</State><zip>99701</zip><Season1Date>06/02/2014 to 09/08/2014</Season1Date><Season1Time>Mon: 4:00 PM-8:00 PM;</Season1Time><Season2Date/><Season2Time/><Season3Date/><Season3Time/><Season4Date/><Season4Time/><x>-147.719593</x><y>64.844414</y><Location>Local government building grounds</Location><Credit>Y</Credit><WIC>Y</WIC><WICcash>N</WICcash><SFMNP>N</SFMNP><SNAP>Y</SNAP><Organic>Y</Organic><Bakedgoods>Y</Bakedgoods><Cheese>N</Cheese><Crafts>N</Crafts><Flowers>Y</Flowers><Eggs>Y</Eggs><Seafood>N</Seafood><Herbs>Y</Herbs><Vegetables>Y</Vegetables><Honey>Y</Honey><Jams>Y</Jams><Maple>N</Maple><Meat>N</Meat><Nursery>N</Nursery><Nuts>Y</Nuts><Plants>Y</Plants><Poultry>N</Poultry><Prepared>Y</Prepared><Soap>Y</Soap><Trees>N</Trees><Wine>N</Wine><Coffee>N</Coffee><Beans>N</Beans><Fruits>N</Fruits><Grains>N</Grains><Juices>N</Juices><Mushrooms>N</Mushrooms><PetFood>N</PetFood><Tofu>N</Tofu><WildHarvested>N</WildHarvested><updateTime>4/22/2014 1:07:46 PM</updateTime></farmersMarket>