<?xml version="1.0" encoding="UTF-8"?>
<farmersMarket xmlns="http://marklogic.com/ferret/demodata"><FMID>1000083</FMID><MarketName>New York Botanical Garden Greenmarket</MarketName><Website>http://www.grownyc.org</Website><Facebook>https://www.facebook.com/bronxgreenmarkets</Facebook><Twitter/><Youtube/><OtherMedia/><street>Kazimiroff Blvd-Bedford Pk &amp; Mosholu Blvd inside NYBG Mosholu Gate</street><city>Bronx</city><County>Bronx</County><State>New York</State><zip>10458</zip><Season1Date>06/19/2013 to 11/27/2013</Season1Date><Season1Time>Wed: 9:00 AM-3:00 PM;</Season1Time><Season2Date/><Season2Time/><Season3Date/><Season3Time/><Season4Date/><Season4Time/><x>-73.880696</x><y>40.866860</y><Location>Private business parking lot</Location><Credit>Y</Credit><WIC>Y</WIC><WICcash>Y</WICcash><SFMNP>Y</SFMNP><SNAP>Y</SNAP><Organic>N</Organic><Bakedgoods>Y</Bakedgoods><Cheese>N</Cheese><Crafts>N</Crafts><Flowers>N</Flowers><Eggs>N</Eggs><Seafood>N</Seafood><Herbs>N</Herbs><Vegetables>Y</Vegetables><Honey>N</Honey><Jams>N</Jams><Maple>N</Maple><Meat>N</Meat><Nursery>N</Nursery><Nuts>N</Nuts><Plants>N</Plants><Poultry>N</Poultry><Prepared>N</Prepared><Soap>N</Soap><Trees>N</Trees><Wine>N</Wine><Coffee>N</Coffee><Beans>N</Beans><Fruits>Y</Fruits><Grains>N</Grains><Juices>N</Juices><Mushrooms>N</Mushrooms><PetFood>N</PetFood><Tofu>N</Tofu><WildHarvested>N</WildHarvested><updateTime>7/23/2013 3:13:21 PM</updateTime></farmersMarket>