<?xml version="1.0" encoding="UTF-8"?>
<farmersMarket xmlns="http://marklogic.com/ferret/demodata"><FMID>1000254</FMID><MarketName>Blacksburg Farmers Market</MarketName><Website>http://www.blacksburgfarmersmarket.com</Website><Facebook>https://www.facebook.com/blacksburgfarmersmarket</Facebook><Twitter/><Youtube/><OtherMedia/><street>108 W Roanoke St, Suite 101</street><city>Blacksburg</city><County>Montgomery</County><State>Virginia</State><zip>24060</zip><Season1Date/><Season1Time>Wed: 2:00 PM-7:00 PM;Sat: 8:00 AM-2:00 PM;</Season1Time><Season2Date>11/01/2014 to 12/31/2014</Season2Date><Season2Time>Wed: 2:00 PM-6:00 PM;Sat: 9:00 AM-2:00 PM;</Season2Time><Season3Date>01/01/2015 to 03/28/2015</Season3Date><Season3Time>Sat: 10:00 AM-2:00 PM;</Season3Time><Season4Date/><Season4Time/><x>-80.414503</x><y>37.229248</y><Location/><Credit>Y</Credit><WIC>N</WIC><WICcash>N</WICcash><SFMNP>N</SFMNP><SNAP>Y</SNAP><Organic>Y</Organic><Bakedgoods>Y</Bakedgoods><Cheese>N</Cheese><Crafts>Y</Crafts><Flowers>Y</Flowers><Eggs>Y</Eggs><Seafood>N</Seafood><Herbs>Y</Herbs><Vegetables>Y</Vegetables><Honey>Y</Honey><Jams>Y</Jams><Maple>Y</Maple><Meat>Y</Meat><Nursery>N</Nursery><Nuts>Y</Nuts><Plants>Y</Plants><Poultry>Y</Poultry><Prepared>Y</Prepared><Soap>Y</Soap><Trees>Y</Trees><Wine>Y</Wine><Coffee>Y</Coffee><Beans>N</Beans><Fruits>Y</Fruits><Grains>Y</Grains><Juices>N</Juices><Mushrooms>Y</Mushrooms><PetFood>N</PetFood><Tofu>N</Tofu><WildHarvested>Y</WildHarvested><updateTime>3/19/2015 11:19:02 AM</updateTime></farmersMarket>