<?xml version="1.0" encoding="UTF-8"?>
<farmersMarket xmlns="http://marklogic.com/ferret/demodata"><FMID>1000141</FMID><MarketName>FarmersMarketPlace &amp; More</MarketName><Website>http://www.abc-littlefalls.org</Website><Facebook>https://www.facebook.com/LittleFallsABC</Facebook><Twitter/><Youtube/><OtherMedia>facebook... littlefallsabc</OtherMedia><street>Main Street and 1st Avenue</street><city>Little Falls</city><County>Passaic</County><State>New Jersey</State><zip>07424</zip><Season1Date>06/27/2013 to 08/29/2013</Season1Date><Season1Time>Thu: 5:00 PM-8:30 PM;</Season1Time><Season2Date/><Season2Time/><Season3Date/><Season3Time/><Season4Date/><Season4Time/><x>-74.22453</x><y>40.88081</y><Location>Local government building grounds</Location><Credit>Y</Credit><WIC>Y</WIC><WICcash>N</WICcash><SFMNP>N</SFMNP><SNAP>Y</SNAP><Organic>-</Organic><Bakedgoods>Y</Bakedgoods><Cheese>N</Cheese><Crafts>Y</Crafts><Flowers>N</Flowers><Eggs>N</Eggs><Seafood>N</Seafood><Herbs>N</Herbs><Vegetables>Y</Vegetables><Honey>Y</Honey><Jams>Y</Jams><Maple>N</Maple><Meat>N</Meat><Nursery>N</Nursery><Nuts>Y</Nuts><Plants>Y</Plants><Poultry>N</Poultry><Prepared>Y</Prepared><Soap>Y</Soap><Trees>N</Trees><Wine>N</Wine><Coffee>N</Coffee><Beans>N</Beans><Fruits>Y</Fruits><Grains>N</Grains><Juices>N</Juices><Mushrooms>N</Mushrooms><PetFood>Y</PetFood><Tofu>N</Tofu><WildHarvested>N</WildHarvested><updateTime>3/14/2014 10:41:39 AM</updateTime></farmersMarket>