<?xml version="1.0" encoding="UTF-8"?>
<farmersMarket xmlns="http://marklogic.com/ferret/demodata"><FMID>1000494</FMID><MarketName>Esther's Place</MarketName><Website>http://www.esthersplacefibes.com</Website><Facebook/><Twitter/><Youtube/><OtherMedia/><street>201 West Galena Street</street><city>Big Rock</city><County>Kane</County><State>Illinois</State><zip>60511</zip><Season1Date>April to October</Season1Date><Season1Time>Tue:10:00 AM - 6:00 PM;Wed:10:00 AM - 6:00 PM;Thu:10:00 AM - 6:00 PM;Fri:10:00 AM - 6:00 PM;Sat:10:00 AM - 6:00 PM;</Season1Time><Season2Date/><Season2Time/><Season3Date/><Season3Time/><Season4Date/><Season4Time/><x>-88.5505521</x><y>41.7641777</y><Location>Healthcare Institution</Location><Credit>Y</Credit><WIC>N</WIC><WICcash>N</WICcash><SFMNP>N</SFMNP><SNAP>Y</SNAP><Organic>N</Organic><Bakedgoods>N</Bakedgoods><Cheese>N</Cheese><Crafts>N</Crafts><Flowers>Y</Flowers><Eggs>Y</Eggs><Seafood>N</Seafood><Herbs>N</Herbs><Vegetables>Y</Vegetables><Honey>N</Honey><Jams>N</Jams><Maple>N</Maple><Meat>N</Meat><Nursery>Y</Nursery><Nuts>N</Nuts><Plants>Y</Plants><Poultry>N</Poultry><Prepared>N</Prepared><Soap>Y</Soap><Trees>N</Trees><Wine>N</Wine><Coffee>N</Coffee><Beans>N</Beans><Fruits>N</Fruits><Grains>N</Grains><Juices>N</Juices><Mushrooms>N</Mushrooms><PetFood>N</PetFood><Tofu>N</Tofu><WildHarvested>N</WildHarvested><updateTime>5/17/2012 1:49:01 PM</updateTime></farmersMarket>