<?xml version="1.0" encoding="UTF-8"?>
<farmersMarket xmlns="http://marklogic.com/ferret/demodata"><FMID>1000545</FMID><MarketName>CJ's Vegetable Market</MarketName><Website/><Facebook/><Twitter/><Youtube/><OtherMedia/><street>1223 Cecil Shelton, Dr.</street><city>Grenada</city><County>Grenada</County><State>Mississippi</State><zip>38901</zip><Season1Date>January to December</Season1Date><Season1Time>Wed:7:00 pm - 6:00 pm;Fri:7:00 pm - 6:00 pm;Sat:7:00 pm - 12:00 pm;</Season1Time><Season2Date/><Season2Time/><Season3Date/><Season3Time/><Season4Date/><Season4Time/><x>-89.8376</x><y>33.7922</y><Location>On a farm from: a barn, a greenhouse, a tent, a stand, etc</Location><Credit>N</Credit><WIC>N</WIC><WICcash>N</WICcash><SFMNP>N</SFMNP><SNAP>N</SNAP><Organic>Y</Organic><Bakedgoods>Y</Bakedgoods><Cheese>N</Cheese><Crafts>Y</Crafts><Flowers>Y</Flowers><Eggs>N</Eggs><Seafood>N</Seafood><Herbs>N</Herbs><Vegetables>Y</Vegetables><Honey>Y</Honey><Jams>Y</Jams><Maple>N</Maple><Meat>N</Meat><Nursery>N</Nursery><Nuts>N</Nuts><Plants>Y</Plants><Poultry>N</Poultry><Prepared>N</Prepared><Soap>N</Soap><Trees>N</Trees><Wine>N</Wine><Coffee>N</Coffee><Beans>N</Beans><Fruits>N</Fruits><Grains>N</Grains><Juices>N</Juices><Mushrooms>N</Mushrooms><PetFood>N</PetFood><Tofu>N</Tofu><WildHarvested>N</WildHarvested><updateTime>4/29/2011 6:39:39 PM</updateTime></farmersMarket>