<?xml version="1.0" encoding="UTF-8"?>
<farmersMarket xmlns="http://marklogic.com/ferret/demodata"><FMID>1000162</FMID><MarketName>Bozrah Farmers Market</MarketName><Website>http://www.bozrahfarmersmarket.org</Website><Facebook>https://www.facebook.com/bozrahfarmersmarket</Facebook><Twitter/><Youtube>http://www.youtube.com/watch?v=RF1onYtECNU</Youtube><OtherMedia>www.pintrest.com/bozrahfarmersmarket</OtherMedia><street>45 Bozrah Street</street><city>Bozrah</city><County>New London</County><State>Connecticut</State><zip>06334</zip><Season1Date>07/03/2015 to 10/09/2015</Season1Date><Season1Time>Fri: 4:00 PM-7:00 PM;</Season1Time><Season2Date/><Season2Time/><Season3Date/><Season3Time/><Season4Date/><Season4Time/><x>-72.168331</x><y>41.552173</y><Location/><Credit>Y</Credit><WIC>Y</WIC><WICcash>N</WICcash><SFMNP>Y</SFMNP><SNAP>N</SNAP><Organic>Y</Organic><Bakedgoods>Y</Bakedgoods><Cheese>Y</Cheese><Crafts>Y</Crafts><Flowers>Y</Flowers><Eggs>Y</Eggs><Seafood>Y</Seafood><Herbs>Y</Herbs><Vegetables>Y</Vegetables><Honey>Y</Honey><Jams>Y</Jams><Maple>Y</Maple><Meat>Y</Meat><Nursery>N</Nursery><Nuts>Y</Nuts><Plants>Y</Plants><Poultry>Y</Poultry><Prepared>Y</Prepared><Soap>Y</Soap><Trees>Y</Trees><Wine>N</Wine><Coffee>Y</Coffee><Beans>N</Beans><Fruits>Y</Fruits><Grains>N</Grains><Juices>Y</Juices><Mushrooms>Y</Mushrooms><PetFood>Y</PetFood><Tofu>N</Tofu><WildHarvested>N</WildHarvested><updateTime>4/9/2015 11:09:08 AM</updateTime></farmersMarket>