<?xml version="1.0" encoding="UTF-8"?>
<farmersMarket xmlns="http://marklogic.com/ferret/demodata"><FMID>1000330</FMID><MarketName>SEIGLER FARMS</MarketName><Website/><Facebook/><Twitter/><Youtube/><OtherMedia/><street>8th and Ohio Streets</street><city>Wichita Falls</city><County>Wichita</County><State>Texas</State><zip>76301</zip><Season1Date>May to August</Season1Date><Season1Time>Tue:7:30 AM - 1:00 PM;Thu:7:30 AM - 1:00 PM;Sat:7:30 AM - 1:00 PM;</Season1Time><Season2Date/><Season2Time/><Season3Date/><Season3Time/><Season4Date/><Season4Time/><x>-98.4897756</x><y>33.9132018</y><Location>Local government building grounds</Location><Credit>N</Credit><WIC>N</WIC><WICcash>Y</WICcash><SFMNP>Y</SFMNP><SNAP>N</SNAP><Organic>-</Organic><Bakedgoods>N</Bakedgoods><Cheese>N</Cheese><Crafts>N</Crafts><Flowers>N</Flowers><Eggs>N</Eggs><Seafood>N</Seafood><Herbs>N</Herbs><Vegetables>Y</Vegetables><Honey>N</Honey><Jams>N</Jams><Maple>N</Maple><Meat>N</Meat><Nursery>N</Nursery><Nuts>N</Nuts><Plants>N</Plants><Poultry>N</Poultry><Prepared>N</Prepared><Soap>N</Soap><Trees>N</Trees><Wine>N</Wine><Coffee>N</Coffee><Beans>N</Beans><Fruits>N</Fruits><Grains>N</Grains><Juices>N</Juices><Mushrooms>N</Mushrooms><PetFood>N</PetFood><Tofu>N</Tofu><WildHarvested>N</WildHarvested><updateTime>5/12/2012 11:27:15 AM</updateTime></farmersMarket>