<?xml version="1.0" encoding="UTF-8"?>
<farmersMarket xmlns="http://marklogic.com/ferret/demodata"><FMID>1000430</FMID><MarketName>Winchester Farmers Market</MarketName><Website>http://www.winchesterfarmersmarket.org</Website><Facebook>https://www.facebook.com/winchfarmmkt</Facebook><Twitter>https://twitter.com/winchfarmmkt</Twitter><Youtube/><OtherMedia/><street>70 Church Street</street><city>Winchester</city><County>Middlesex</County><State>Massachusetts</State><zip>01890</zip><Season1Date>11/22/2014 to 11/22/2014</Season1Date><Season1Time>Sat: 9:30 AM-1:30 PM;</Season1Time><Season2Date/><Season2Time/><Season3Date/><Season3Time/><Season4Date/><Season4Time/><x>-71.144062</x><y>42.449872</y><Location>Faith-based institution (e.g., church, mosque, synagogue, temple)</Location><Credit>Y</Credit><WIC>Y</WIC><WICcash>N</WICcash><SFMNP>Y</SFMNP><SNAP>N</SNAP><Organic>Y</Organic><Bakedgoods>Y</Bakedgoods><Cheese>Y</Cheese><Crafts>Y</Crafts><Flowers>Y</Flowers><Eggs>Y</Eggs><Seafood>Y</Seafood><Herbs>Y</Herbs><Vegetables>Y</Vegetables><Honey>Y</Honey><Jams>Y</Jams><Maple>Y</Maple><Meat>Y</Meat><Nursery>N</Nursery><Nuts>N</Nuts><Plants>N</Plants><Poultry>Y</Poultry><Prepared>Y</Prepared><Soap>Y</Soap><Trees>N</Trees><Wine>N</Wine><Coffee>Y</Coffee><Beans>N</Beans><Fruits>Y</Fruits><Grains>N</Grains><Juices>Y</Juices><Mushrooms>N</Mushrooms><PetFood>Y</PetFood><Tofu>N</Tofu><WildHarvested>N</WildHarvested><updateTime>3/24/2014 3:43:07 PM</updateTime></farmersMarket>