<?xml version="1.0" encoding="UTF-8"?>
<farmersMarket xmlns="http://marklogic.com/ferret/demodata"><FMID>1000348</FMID><MarketName>Port Jefferson Farmers Market</MarketName><Website/><Facebook/><Twitter/><Youtube/><OtherMedia/><street>Parking lot next to Ferry, Rt 25A</street><city>Port Jefferson</city><County>Suffolk</County><State>New York</State><zip>11777</zip><Season1Date/><Season1Time/><Season2Date/><Season2Time/><Season3Date/><Season3Time/><Season4Date/><Season4Time/><x>-72.8546</x><y>40.8786</y><Location/><Credit>N</Credit><WIC>N</WIC><WICcash>N</WICcash><SFMNP>N</SFMNP><SNAP>N</SNAP><Organic>-</Organic><Bakedgoods>N</Bakedgoods><Cheese>N</Cheese><Crafts>N</Crafts><Flowers>N</Flowers><Eggs>N</Eggs><Seafood>N</Seafood><Herbs>N</Herbs><Vegetables>N</Vegetables><Honey>N</Honey><Jams>N</Jams><Maple>N</Maple><Meat>N</Meat><Nursery>N</Nursery><Nuts>N</Nuts><Plants>N</Plants><Poultry>N</Poultry><Prepared>N</Prepared><Soap>N</Soap><Trees>N</Trees><Wine>N</Wine><Coffee>N</Coffee><Beans>N</Beans><Fruits>N</Fruits><Grains>N</Grains><Juices>N</Juices><Mushrooms>N</Mushrooms><PetFood>N</PetFood><Tofu>N</Tofu><WildHarvested>N</WildHarvested><updateTime>2/17/2012 2:56:05 PM</updateTime></farmersMarket>