<?xml version="1.0" encoding="UTF-8"?>
<farmersMarket xmlns="http://marklogic.com/ferret/demodata"><FMID>1000262</FMID><MarketName>Creswell Farmers' Market</MarketName><Website>http://www.creswellfarmersmarket.wordpress.com</Website><Facebook>https://www.facebook.com/CreswellFarmersMkt</Facebook><Twitter/><Youtube/><OtherMedia/><street>64 W. Oregon Ave (1st St. and Oregon Ave.)</street><city>Creswell</city><County>Lane</County><State>Oregon</State><zip>97426</zip><Season1Date>05/06/2014 to 10/28/2014</Season1Date><Season1Time>Tue: 4:00 PM-6:00 PM;</Season1Time><Season2Date/><Season2Time/><Season3Date/><Season3Time/><Season4Date/><Season4Time/><x>-123.018482</x><y>43.918649</y><Location>Educational institution</Location><Credit>Y</Credit><WIC>Y</WIC><WICcash>Y</WICcash><SFMNP>Y</SFMNP><SNAP>Y</SNAP><Organic>-</Organic><Bakedgoods>N</Bakedgoods><Cheese>N</Cheese><Crafts>Y</Crafts><Flowers>N</Flowers><Eggs>Y</Eggs><Seafood>N</Seafood><Herbs>N</Herbs><Vegetables>Y</Vegetables><Honey>Y</Honey><Jams>Y</Jams><Maple>N</Maple><Meat>Y</Meat><Nursery>N</Nursery><Nuts>N</Nuts><Plants>Y</Plants><Poultry>N</Poultry><Prepared>N</Prepared><Soap>N</Soap><Trees>N</Trees><Wine>N</Wine><Coffee>N</Coffee><Beans>N</Beans><Fruits>Y</Fruits><Grains>N</Grains><Juices>N</Juices><Mushrooms>N</Mushrooms><PetFood>N</PetFood><Tofu>N</Tofu><WildHarvested>N</WildHarvested><updateTime>5/12/2014 9:02:28 PM</updateTime></farmersMarket>