<?xml version="1.0" encoding="UTF-8"?>
<farmersMarket xmlns="http://marklogic.com/ferret/demodata"><FMID>1000325</FMID><MarketName>Coastside Farmers' Market of Pacifica - Rockaway Beach</MarketName><Website>http://www.coastsidefarmersmarket.org/</Website><Facebook>https://www.facebook.com/pages/Coastside-Farmers-Market-in-Pacifica/112386032145910</Facebook><Twitter/><Youtube/><OtherMedia/><street>400 Old County Road</street><city>Pacifica</city><County>San Mateo</County><State>California</State><zip>94044</zip><Season1Date>05/01/2012 to 12/31/2012</Season1Date><Season1Time/><Season2Date/><Season2Time/><Season3Date/><Season3Time/><Season4Date/><Season4Time/><x>-122.495432</x><y>37.609122</y><Location>Closed-off public street</Location><Credit>Y</Credit><WIC>N</WIC><WICcash>Y</WICcash><SFMNP>Y</SFMNP><SNAP>Y</SNAP><Organic>Y</Organic><Bakedgoods>N</Bakedgoods><Cheese>N</Cheese><Crafts>N</Crafts><Flowers>N</Flowers><Eggs>N</Eggs><Seafood>N</Seafood><Herbs>N</Herbs><Vegetables>N</Vegetables><Honey>N</Honey><Jams>N</Jams><Maple>N</Maple><Meat>N</Meat><Nursery>N</Nursery><Nuts>N</Nuts><Plants>N</Plants><Poultry>N</Poultry><Prepared>N</Prepared><Soap>N</Soap><Trees>N</Trees><Wine>N</Wine><Coffee>N</Coffee><Beans>N</Beans><Fruits>N</Fruits><Grains>N</Grains><Juices>N</Juices><Mushrooms>N</Mushrooms><PetFood>N</PetFood><Tofu>N</Tofu><WildHarvested>N</WildHarvested><updateTime>3/14/2014 12:23:03 PM</updateTime></farmersMarket>