<?xml version="1.0" encoding="UTF-8"?>
<farmersMarket xmlns="http://marklogic.com/ferret/demodata"><FMID>1000066</FMID><MarketName>Bowling Green Greenmarket</MarketName><Website>http://www.grownyc.org</Website><Facebook>https://www.facebook.com/ManhattanGreenmarkets</Facebook><Twitter/><Youtube/><OtherMedia/><street>Broadway &amp; Battery Place</street><city>New York</city><County>New York</County><State>New York</State><zip>10004</zip><Season1Date>01/01/2013 to 12/31/2013</Season1Date><Season1Time>Tue: 8:00 AM-5:00 PM;Thu: 8:00 AM-5:00 PM;</Season1Time><Season2Date/><Season2Time/><Season3Date/><Season3Time/><Season4Date/><Season4Time/><x>-74.014313</x><y>40.704587</y><Location>Other</Location><Credit>Y</Credit><WIC>Y</WIC><WICcash>Y</WICcash><SFMNP>Y</SFMNP><SNAP>Y</SNAP><Organic>N</Organic><Bakedgoods>Y</Bakedgoods><Cheese>N</Cheese><Crafts>N</Crafts><Flowers>N</Flowers><Eggs>N</Eggs><Seafood>N</Seafood><Herbs>Y</Herbs><Vegetables>Y</Vegetables><Honey>N</Honey><Jams>N</Jams><Maple>N</Maple><Meat>N</Meat><Nursery>N</Nursery><Nuts>N</Nuts><Plants>N</Plants><Poultry>N</Poultry><Prepared>Y</Prepared><Soap>N</Soap><Trees>N</Trees><Wine>N</Wine><Coffee>N</Coffee><Beans>N</Beans><Fruits>Y</Fruits><Grains>N</Grains><Juices>N</Juices><Mushrooms>N</Mushrooms><PetFood>N</PetFood><Tofu>N</Tofu><WildHarvested>N</WildHarvested><updateTime>7/24/2013 10:29:07 AM</updateTime></farmersMarket>