<?xml version="1.0" encoding="UTF-8"?>
<farmersMarket xmlns="http://marklogic.com/ferret/demodata"><FMID>1000087</FMID><MarketName>Sunnyside Greenmarket</MarketName><Website>http://www.grownyc.org</Website><Facebook>https://www.facebook.com/QueensGreenmarkets</Facebook><Twitter/><Youtube/><OtherMedia/><street>Skillman - 42 &amp; 43 Sts</street><city>Queens</city><County>Queens</County><State>New York</State><zip>11104</zip><Season1Date>06/01/2013 to 12/21/2013</Season1Date><Season1Time>Sat: 8:00 AM-3:00 PM;</Season1Time><Season2Date/><Season2Time/><Season3Date/><Season3Time/><Season4Date/><Season4Time/><x>-73.921230</x><y>40.746899</y><Location>Other</Location><Credit>Y</Credit><WIC>Y</WIC><WICcash>Y</WICcash><SFMNP>Y</SFMNP><SNAP>Y</SNAP><Organic>N</Organic><Bakedgoods>Y</Bakedgoods><Cheese>Y</Cheese><Crafts>N</Crafts><Flowers>N</Flowers><Eggs>Y</Eggs><Seafood>Y</Seafood><Herbs>N</Herbs><Vegetables>Y</Vegetables><Honey>Y</Honey><Jams>Y</Jams><Maple>N</Maple><Meat>Y</Meat><Nursery>N</Nursery><Nuts>N</Nuts><Plants>N</Plants><Poultry>Y</Poultry><Prepared>N</Prepared><Soap>N</Soap><Trees>N</Trees><Wine>Y</Wine><Coffee>N</Coffee><Beans>N</Beans><Fruits>Y</Fruits><Grains>N</Grains><Juices>N</Juices><Mushrooms>N</Mushrooms><PetFood>N</PetFood><Tofu>N</Tofu><WildHarvested>N</WildHarvested><updateTime>7/23/2013 3:01:06 PM</updateTime></farmersMarket>