<?xml version="1.0" encoding="UTF-8"?>
<farmersMarket xmlns="http://marklogic.com/ferret/demodata"><FMID>1000576</FMID><MarketName>Schoolcraft Farmers Market</MarketName><Website>http://www.schoolcraftumc.org</Website><Facebook/><Twitter/><Youtube/><OtherMedia/><street>342 N. Grand</street><city>Schoolcraft</city><County>Kalamazoo</County><State>Michigan</State><zip>49087</zip><Season1Date>09/01/2012 to 10/31/2012</Season1Date><Season1Time>Wed: 3:00 PM-6:00 PM;</Season1Time><Season2Date/><Season2Time/><Season3Date/><Season3Time/><Season4Date/><Season4Time/><x>-85.6371431</x><y>42.1167863</y><Location>Faith-based institution (e.g., church, mosque, synagogue, temple)</Location><Credit>Y</Credit><WIC>N</WIC><WICcash>N</WICcash><SFMNP>N</SFMNP><SNAP>N</SNAP><Organic>-</Organic><Bakedgoods>N</Bakedgoods><Cheese>N</Cheese><Crafts>N</Crafts><Flowers>N</Flowers><Eggs>N</Eggs><Seafood>N</Seafood><Herbs>N</Herbs><Vegetables>Y</Vegetables><Honey>Y</Honey><Jams>Y</Jams><Maple>N</Maple><Meat>Y</Meat><Nursery>N</Nursery><Nuts>N</Nuts><Plants>N</Plants><Poultry>Y</Poultry><Prepared>N</Prepared><Soap>N</Soap><Trees>N</Trees><Wine>N</Wine><Coffee>Y</Coffee><Beans>N</Beans><Fruits>Y</Fruits><Grains>N</Grains><Juices>N</Juices><Mushrooms>N</Mushrooms><PetFood>N</PetFood><Tofu>N</Tofu><WildHarvested>N</WildHarvested><updateTime>3/31/2014 4:25:29 PM</updateTime></farmersMarket>