<?xml version="1.0" encoding="UTF-8"?>
<farmersMarket xmlns="http://marklogic.com/ferret/demodata"><FMID>1000023</FMID><MarketName>Bradford Store</MarketName><Website>http://www.thebradfordstore.com/</Website><Facebook/><Twitter/><Youtube/><OtherMedia/><street>15915 Davidson Concord Rd</street><city>Huntersville</city><County>Mecklenburg</County><State>North Carolina</State><zip>28078</zip><Season1Date>January to December</Season1Date><Season1Time>Tue:10:00 AM - 6:00 PM;Wed:10:00 AM - 6:00 PM;Thu:10:00 AM - 6:00 PM;Fri:10:00 AM - 6:00 PM;Sat:9:00 AM - 4:00 PM;</Season1Time><Season2Date/><Season2Time/><Season3Date/><Season3Time/><Season4Date/><Season4Time/><x>-80.7855537</x><y>35.4233280</y><Location>On a farm from: a barn, a greenhouse, a tent, a stand, etc</Location><Credit>Y</Credit><WIC>N</WIC><WICcash>N</WICcash><SFMNP>N</SFMNP><SNAP>N</SNAP><Organic>Y</Organic><Bakedgoods>Y</Bakedgoods><Cheese>Y</Cheese><Crafts>N</Crafts><Flowers>N</Flowers><Eggs>Y</Eggs><Seafood>N</Seafood><Herbs>N</Herbs><Vegetables>Y</Vegetables><Honey>Y</Honey><Jams>Y</Jams><Maple>Y</Maple><Meat>Y</Meat><Nursery>N</Nursery><Nuts>Y</Nuts><Plants>N</Plants><Poultry>N</Poultry><Prepared>Y</Prepared><Soap>Y</Soap><Trees>N</Trees><Wine>N</Wine><Coffee>N</Coffee><Beans>N</Beans><Fruits>N</Fruits><Grains>N</Grains><Juices>N</Juices><Mushrooms>N</Mushrooms><PetFood>N</PetFood><Tofu>N</Tofu><WildHarvested>N</WildHarvested><updateTime>5/22/2012 1:40:56 PM</updateTime></farmersMarket>