<?xml version="1.0" encoding="UTF-8"?>
<farmersMarket xmlns="http://marklogic.com/ferret/demodata"><FMID>1000392</FMID><MarketName>Northport Farmers Market</MarketName><Website>http://www.northportfarmersmarket.org</Website><Facebook>https://www.facebook.com/pages/Northport-Farmers-Market/653152611365554</Facebook><Twitter/><Youtube/><OtherMedia/><street>Cow Harbor Parking Lot at the Harbor</street><city>Northport</city><County>Suffolk</County><State>New York</State><zip>11768</zip><Season1Date>06/07/2014 to 11/22/2014</Season1Date><Season1Time>Sat: 8:00 AM-1:00 PM;</Season1Time><Season2Date/><Season2Time/><Season3Date/><Season3Time/><Season4Date/><Season4Time/><x>-73.351584</x><y>40.899796</y><Location>Local government building grounds</Location><Credit>Y</Credit><WIC>N</WIC><WICcash>N</WICcash><SFMNP>N</SFMNP><SNAP>N</SNAP><Organic>Y</Organic><Bakedgoods>Y</Bakedgoods><Cheese>Y</Cheese><Crafts>N</Crafts><Flowers>Y</Flowers><Eggs>Y</Eggs><Seafood>Y</Seafood><Herbs>Y</Herbs><Vegetables>Y</Vegetables><Honey>Y</Honey><Jams>Y</Jams><Maple>N</Maple><Meat>Y</Meat><Nursery>N</Nursery><Nuts>Y</Nuts><Plants>Y</Plants><Poultry>N</Poultry><Prepared>N</Prepared><Soap>Y</Soap><Trees>N</Trees><Wine>N</Wine><Coffee>Y</Coffee><Beans>N</Beans><Fruits>Y</Fruits><Grains>N</Grains><Juices>N</Juices><Mushrooms>N</Mushrooms><PetFood>N</PetFood><Tofu>N</Tofu><WildHarvested>N</WildHarvested><updateTime>5/14/2014 1:26:44 PM</updateTime></farmersMarket>