<?xml version="1.0" encoding="UTF-8"?>
<farmersMarket xmlns="http://marklogic.com/ferret/demodata"><FMID>1000118</FMID><MarketName>Hollywood Farmers Market</MarketName><Website>http://www.hollywoodfarmersmarket.org/</Website><Facebook>https://www.facebook.com/pages/Hollywood-Farmers-Market-Portland-Oregon/109794929043411</Facebook><Twitter/><Youtube/><OtherMedia/><street>NE Hancock between 44th &amp; 45th Avenue</street><city>Portland</city><County>Multnomah</County><State>Oregon</State><zip>97213</zip><Season1Date>04/04/2015 to 09/26/2015</Season1Date><Season1Time>Sat: 8:00 AM-1:00 PM;</Season1Time><Season2Date>10/03/2015 to 03/26/2016</Season2Date><Season2Time>Sat: 9:00 AM-1:00 PM;</Season2Time><Season3Date/><Season3Time/><Season4Date/><Season4Time/><x>-122.6174</x><y>45.53642</y><Location/><Credit>Y</Credit><WIC>Y</WIC><WICcash>Y</WICcash><SFMNP>Y</SFMNP><SNAP>Y</SNAP><Organic>Y</Organic><Bakedgoods>Y</Bakedgoods><Cheese>Y</Cheese><Crafts>Y</Crafts><Flowers>Y</Flowers><Eggs>Y</Eggs><Seafood>Y</Seafood><Herbs>Y</Herbs><Vegetables>Y</Vegetables><Honey>Y</Honey><Jams>Y</Jams><Maple>N</Maple><Meat>Y</Meat><Nursery>N</Nursery><Nuts>Y</Nuts><Plants>Y</Plants><Poultry>Y</Poultry><Prepared>Y</Prepared><Soap>Y</Soap><Trees>Y</Trees><Wine>Y</Wine><Coffee>Y</Coffee><Beans>Y</Beans><Fruits>Y</Fruits><Grains>Y</Grains><Juices>N</Juices><Mushrooms>Y</Mushrooms><PetFood>N</PetFood><Tofu>N</Tofu><WildHarvested>Y</WildHarvested><updateTime>3/19/2015 2:30:37 PM</updateTime></farmersMarket>