<?xml version="1.0" encoding="UTF-8"?>
<farmersMarket xmlns="http://marklogic.com/ferret/demodata"><FMID>1000013</FMID><MarketName>Media Farmers Market</MarketName><Website>http://www.mediafarmersmarket.com</Website><Facebook>https://www.facebook.com/mediafarmersmarket</Facebook><Twitter/><Youtube/><OtherMedia/><street>State &amp; Gayley Streets</street><city>Media</city><County>Delaware</County><State>Pennsylvania</State><zip>19063</zip><Season1Date>05/14/2015 to 11/19/2015</Season1Date><Season1Time>Thu: 3:00 PM-7:00 PM;</Season1Time><Season2Date/><Season2Time/><Season3Date/><Season3Time/><Season4Date/><Season4Time/><x>-75.3867127</x><y>39.9175314</y><Location/><Credit>Y</Credit><WIC>Y</WIC><WICcash>N</WICcash><SFMNP>Y</SFMNP><SNAP>Y</SNAP><Organic>-</Organic><Bakedgoods>Y</Bakedgoods><Cheese>Y</Cheese><Crafts>N</Crafts><Flowers>Y</Flowers><Eggs>Y</Eggs><Seafood>Y</Seafood><Herbs>Y</Herbs><Vegetables>Y</Vegetables><Honey>Y</Honey><Jams>Y</Jams><Maple>N</Maple><Meat>Y</Meat><Nursery>N</Nursery><Nuts>N</Nuts><Plants>Y</Plants><Poultry>Y</Poultry><Prepared>Y</Prepared><Soap>Y</Soap><Trees>N</Trees><Wine>Y</Wine><Coffee>Y</Coffee><Beans>Y</Beans><Fruits>Y</Fruits><Grains>N</Grains><Juices>Y</Juices><Mushrooms>Y</Mushrooms><PetFood>Y</PetFood><Tofu>N</Tofu><WildHarvested>N</WildHarvested><updateTime>7/28/2015 5:57:15 AM</updateTime></farmersMarket>