<?xml version="1.0" encoding="UTF-8"?>
<farmersMarket xmlns="http://marklogic.com/ferret/demodata"><FMID>1000204</FMID><MarketName>Midtown Farmers Market</MarketName><Website>http://midtownraleighfarmersmarket.com/</Website><Facebook>https://www.facebook.com/MidtownFarmers/</Facebook><Twitter>https://twitter.com/MidtownFarmers</Twitter><Youtube/><OtherMedia>https://www.instagram.com/midtownfarmers/</OtherMedia><street>4150 Main at North HIlls</street><city>Raleigh</city><County>Wake</County><State>North Carolina</State><zip>27609</zip><Season1Date>04/16/2016 to 11/05/2016</Season1Date><Season1Time>Sat: 8:00 AM-12:00 PM;</Season1Time><Season2Date>01/09/2016 to 04/02/2016</Season2Date><Season2Time>Sat: 10:00 AM-12:00 PM;</Season2Time><Season3Date/><Season3Time/><Season4Date/><Season4Time/><x>-78.642449</x><y>35.836777</y><Location/><Credit>Y</Credit><WIC>N</WIC><WICcash>Y</WICcash><SFMNP>Y</SFMNP><SNAP>N</SNAP><Organic>Y</Organic><Bakedgoods>Y</Bakedgoods><Cheese>Y</Cheese><Crafts>Y</Crafts><Flowers>Y</Flowers><Eggs>Y</Eggs><Seafood>Y</Seafood><Herbs>Y</Herbs><Vegetables>Y</Vegetables><Honey>Y</Honey><Jams>Y</Jams><Maple>N</Maple><Meat>Y</Meat><Nursery>N</Nursery><Nuts>Y</Nuts><Plants>Y</Plants><Poultry>Y</Poultry><Prepared>Y</Prepared><Soap>Y</Soap><Trees>N</Trees><Wine>N</Wine><Coffee>Y</Coffee><Beans>Y</Beans><Fruits>Y</Fruits><Grains>N</Grains><Juices>N</Juices><Mushrooms>Y</Mushrooms><PetFood>Y</PetFood><Tofu>N</Tofu><WildHarvested>N</WildHarvested><updateTime>1/4/2016 5:36:00 PM</updateTime></farmersMarket>