<?xml version="1.0" encoding="UTF-8"?>
<farmersMarket xmlns="http://marklogic.com/ferret/demodata"><FMID>1000335</FMID><MarketName>Beverly Farmers Market</MarketName><Website>http://www.beverlyfarmersmarket.org</Website><Facebook>https://www.facebook.com/beverlyfarmersmarket</Facebook><Twitter>https://twitter.com/BevFarmersMkt</Twitter><Youtube/><OtherMedia/><street>Rantoul Street and Railroad Ave.</street><city>Beverly</city><County>Essex</County><State>Massachusetts</State><zip>01915</zip><Season1Date>06/16/2014 to 10/06/2014</Season1Date><Season1Time>Mon: 3:00 PM-7:00 PM;</Season1Time><Season2Date/><Season2Time/><Season3Date/><Season3Time/><Season4Date/><Season4Time/><x>-70.8843450</x><y>42.5467800</y><Location>Local government building grounds</Location><Credit>Y</Credit><WIC>Y</WIC><WICcash>N</WICcash><SFMNP>Y</SFMNP><SNAP>Y</SNAP><Organic>N</Organic><Bakedgoods>Y</Bakedgoods><Cheese>Y</Cheese><Crafts>Y</Crafts><Flowers>Y</Flowers><Eggs>Y</Eggs><Seafood>Y</Seafood><Herbs>Y</Herbs><Vegetables>Y</Vegetables><Honey>Y</Honey><Jams>Y</Jams><Maple>Y</Maple><Meat>Y</Meat><Nursery>N</Nursery><Nuts>Y</Nuts><Plants>Y</Plants><Poultry>N</Poultry><Prepared>Y</Prepared><Soap>Y</Soap><Trees>N</Trees><Wine>N</Wine><Coffee>Y</Coffee><Beans>Y</Beans><Fruits>Y</Fruits><Grains>N</Grains><Juices>Y</Juices><Mushrooms>N</Mushrooms><PetFood>Y</PetFood><Tofu>N</Tofu><WildHarvested>Y</WildHarvested><updateTime>4/2/2014 12:42:39 PM</updateTime></farmersMarket>