<?xml version="1.0" encoding="UTF-8"?>
<farmersMarket xmlns="http://marklogic.com/ferret/demodata"><FMID>1000566</FMID><MarketName>Casco Farmers' Market</MarketName><Website>http://www.cascofarmersmarket.org</Website><Facebook>www.facebook.com/cascofarmersmarket</Facebook><Twitter>https://twitter.com/CascoFMKT</Twitter><Youtube/><OtherMedia/><street>940 Meadow Road, Route 121</street><city>Casco</city><County>Cumberland</County><State>Maine</State><zip>04015</zip><Season1Date>06/06/2013 to 09/05/2013</Season1Date><Season1Time>Thu: 9:00 AM-2:00 PM;</Season1Time><Season2Date/><Season2Time/><Season3Date/><Season3Time/><Season4Date/><Season4Time/><x>-70.522297</x><y>44.003917</y><Location>Local government building grounds</Location><Credit>N</Credit><WIC>N</WIC><WICcash>N</WICcash><SFMNP>N</SFMNP><SNAP>N</SNAP><Organic>-</Organic><Bakedgoods>Y</Bakedgoods><Cheese>Y</Cheese><Crafts>Y</Crafts><Flowers>Y</Flowers><Eggs>Y</Eggs><Seafood>N</Seafood><Herbs>Y</Herbs><Vegetables>Y</Vegetables><Honey>Y</Honey><Jams>Y</Jams><Maple>Y</Maple><Meat>Y</Meat><Nursery>N</Nursery><Nuts>N</Nuts><Plants>Y</Plants><Poultry>N</Poultry><Prepared>N</Prepared><Soap>N</Soap><Trees>N</Trees><Wine>N</Wine><Coffee>N</Coffee><Beans>N</Beans><Fruits>Y</Fruits><Grains>N</Grains><Juices>N</Juices><Mushrooms>N</Mushrooms><PetFood>N</PetFood><Tofu>N</Tofu><WildHarvested>N</WildHarvested><updateTime>6/17/2013 8:08:16 PM</updateTime></farmersMarket>