<?xml version="1.0" encoding="UTF-8"?>
<farmersMarket xmlns="http://marklogic.com/ferret/demodata"><FMID>1000634</FMID><MarketName>Historic West Main Street Farmers Market</MarketName><Website/><Facebook>https://www.facebook.com/mainstreetfarmmarket</Facebook><Twitter>https://twitter.com/west_main_st</Twitter><Youtube>westmainfarmersmarket</Youtube><OtherMedia>Instagram:  main_street_market</OtherMedia><street>1936 West Main Street</street><city>Fort Wayne</city><County>Allen</County><State>Indiana</State><zip>46808</zip><Season1Date>05/08/2015 to 10/16/2015</Season1Date><Season1Time>Fri: 3:00 PM-8:00 PM;</Season1Time><Season2Date/><Season2Time/><Season3Date/><Season3Time/><Season4Date/><Season4Time/><x>-85.1679</x><y>41.0787</y><Location/><Credit>Y</Credit><WIC>Y</WIC><WICcash>Y</WICcash><SFMNP>Y</SFMNP><SNAP>Y</SNAP><Organic>Y</Organic><Bakedgoods>Y</Bakedgoods><Cheese>Y</Cheese><Crafts>Y</Crafts><Flowers>Y</Flowers><Eggs>Y</Eggs><Seafood>N</Seafood><Herbs>Y</Herbs><Vegetables>Y</Vegetables><Honey>Y</Honey><Jams>Y</Jams><Maple>Y</Maple><Meat>Y</Meat><Nursery>N</Nursery><Nuts>Y</Nuts><Plants>Y</Plants><Poultry>N</Poultry><Prepared>Y</Prepared><Soap>Y</Soap><Trees>Y</Trees><Wine>N</Wine><Coffee>Y</Coffee><Beans>N</Beans><Fruits>Y</Fruits><Grains>N</Grains><Juices>N</Juices><Mushrooms>Y</Mushrooms><PetFood>Y</PetFood><Tofu>N</Tofu><WildHarvested>Y</WildHarvested><updateTime>3/24/2015 11:32:51 AM</updateTime></farmersMarket>