<?xml version="1.0" encoding="UTF-8"?>
<farmersMarket xmlns="http://marklogic.com/ferret/demodata"><FMID>1000374</FMID><MarketName>Tacoma Farmers Markets - South Tacoma</MarketName><Website>http://www.tacomafarmersmarket.com</Website><Facebook>https://www.facebook.com/TacomaFarmersMarket</Facebook><Twitter>https://twitter.com/TacomasMarkets</Twitter><Youtube/><OtherMedia/><street>Broadway between 9th &amp; 11th Streets</street><city>Tacoma</city><County>Pierce</County><State>Washington</State><zip>98402</zip><Season1Date>May to October</Season1Date><Season1Time>Thu:10:30 am - 4:00 pm;</Season1Time><Season2Date/><Season2Time/><Season3Date/><Season3Time/><Season4Date/><Season4Time/><x>-122.441</x><y>47.2547</y><Location>Closed-off public street</Location><Credit>N</Credit><WIC>Y</WIC><WICcash>Y</WICcash><SFMNP>Y</SFMNP><SNAP>N</SNAP><Organic>Y</Organic><Bakedgoods>Y</Bakedgoods><Cheese>Y</Cheese><Crafts>Y</Crafts><Flowers>Y</Flowers><Eggs>N</Eggs><Seafood>Y</Seafood><Herbs>Y</Herbs><Vegetables>Y</Vegetables><Honey>Y</Honey><Jams>Y</Jams><Maple>N</Maple><Meat>Y</Meat><Nursery>N</Nursery><Nuts>Y</Nuts><Plants>Y</Plants><Poultry>N</Poultry><Prepared>Y</Prepared><Soap>Y</Soap><Trees>N</Trees><Wine>N</Wine><Coffee>N</Coffee><Beans>N</Beans><Fruits>N</Fruits><Grains>N</Grains><Juices>N</Juices><Mushrooms>N</Mushrooms><PetFood>N</PetFood><Tofu>N</Tofu><WildHarvested>N</WildHarvested><updateTime>2/22/2012 3:39:20 PM</updateTime></farmersMarket>