<?xml version="1.0" encoding="UTF-8"?>
<farmersMarket xmlns="http://marklogic.com/ferret/demodata"><FMID>1000217</FMID><MarketName>Roy Wilkins Park Farmer's Market</MarketName><Website>http://www.harvesthomefm.org</Website><Facebook/><Twitter/><Youtube/><OtherMedia/><street>Merrick and Baisley Boulevards</street><city>Queens</city><County>Queens</County><State>New York</State><zip>11434</zip><Season1Date>July to November</Season1Date><Season1Time>Sat:8:00 AM - 4:00 PM;</Season1Time><Season2Date/><Season2Time/><Season3Date/><Season3Time/><Season4Date/><Season4Time/><x>-73.7697577</x><y>40.6837255</y><Location>Other</Location><Credit>N</Credit><WIC>N</WIC><WICcash>Y</WICcash><SFMNP>Y</SFMNP><SNAP>Y</SNAP><Organic>-</Organic><Bakedgoods>Y</Bakedgoods><Cheese>N</Cheese><Crafts>N</Crafts><Flowers>N</Flowers><Eggs>N</Eggs><Seafood>N</Seafood><Herbs>N</Herbs><Vegetables>Y</Vegetables><Honey>N</Honey><Jams>N</Jams><Maple>N</Maple><Meat>N</Meat><Nursery>N</Nursery><Nuts>N</Nuts><Plants>N</Plants><Poultry>N</Poultry><Prepared>N</Prepared><Soap>N</Soap><Trees>N</Trees><Wine>N</Wine><Coffee>N</Coffee><Beans>N</Beans><Fruits>N</Fruits><Grains>N</Grains><Juices>N</Juices><Mushrooms>N</Mushrooms><PetFood>N</PetFood><Tofu>N</Tofu><WildHarvested>N</WildHarvested><updateTime>5/1/2012 2:51:36 PM</updateTime></farmersMarket>