<?xml version="1.0" encoding="UTF-8"?>
<farmersMarket xmlns="http://marklogic.com/ferret/demodata"><FMID>1000284</FMID><MarketName>Amherst Farmers' Market</MarketName><Website>http://www.AmherstFarmersMarket.com</Website><Facebook>https://www.facebook.com/pages/Amherst-Farmers-Market/112695142075630</Facebook><Twitter/><Youtube/><OtherMedia/><street>Spring Street Parking Lot</street><city>Amherst Center</city><County>Hampshire</County><State>Massachusetts</State><zip>01002</zip><Season1Date>04/18/2015 to 11/21/2015</Season1Date><Season1Time>Sat: 8:00 AM-1:30 PM;</Season1Time><Season2Date/><Season2Time/><Season3Date/><Season3Time/><Season4Date/><Season4Time/><x>-72.519422</x><y>42.374858</y><Location/><Credit>Y</Credit><WIC>Y</WIC><WICcash>Y</WICcash><SFMNP>Y</SFMNP><SNAP>Y</SNAP><Organic>Y</Organic><Bakedgoods>Y</Bakedgoods><Cheese>Y</Cheese><Crafts>N</Crafts><Flowers>Y</Flowers><Eggs>Y</Eggs><Seafood>Y</Seafood><Herbs>Y</Herbs><Vegetables>Y</Vegetables><Honey>Y</Honey><Jams>Y</Jams><Maple>Y</Maple><Meat>Y</Meat><Nursery>N</Nursery><Nuts>N</Nuts><Plants>Y</Plants><Poultry>Y</Poultry><Prepared>Y</Prepared><Soap>Y</Soap><Trees>Y</Trees><Wine>Y</Wine><Coffee>Y</Coffee><Beans>Y</Beans><Fruits>Y</Fruits><Grains>N</Grains><Juices>N</Juices><Mushrooms>Y</Mushrooms><PetFood>N</PetFood><Tofu>N</Tofu><WildHarvested>Y</WildHarvested><updateTime>7/22/2015 1:44:46 PM</updateTime></farmersMarket>