<?xml version="1.0" encoding="UTF-8"?>
<farmersMarket xmlns="http://marklogic.com/ferret/demodata"><FMID>1000371</FMID><MarketName>Franklin Farmer's Market</MarketName><Website>http://franklin-la.org/farmersmarket.php</Website><Facebook>Garden Creations</Facebook><Twitter/><Youtube/><OtherMedia/><street>Willow Street</street><city>Franklin</city><County>St. Mary</County><State>Louisiana</State><zip>70538</zip><Season1Date>01/01/2014 to 12/31/2014</Season1Date><Season1Time>Tue: 12:00 AM-4:00 PM;Sat: 8:00 AM-1:00 PM;</Season1Time><Season2Date/><Season2Time/><Season3Date/><Season3Time/><Season4Date/><Season4Time/><x>-91.5092030</x><y>29.7888590</y><Location>On a farm from: a barn, a greenhouse, a tent, a stand, etc</Location><Credit>N</Credit><WIC>N</WIC><WICcash>N</WICcash><SFMNP>Y</SFMNP><SNAP>Y</SNAP><Organic>N</Organic><Bakedgoods>Y</Bakedgoods><Cheese>N</Cheese><Crafts>Y</Crafts><Flowers>N</Flowers><Eggs>N</Eggs><Seafood>N</Seafood><Herbs>Y</Herbs><Vegetables>Y</Vegetables><Honey>Y</Honey><Jams>Y</Jams><Maple>N</Maple><Meat>N</Meat><Nursery>N</Nursery><Nuts>N</Nuts><Plants>N</Plants><Poultry>N</Poultry><Prepared>N</Prepared><Soap>Y</Soap><Trees>N</Trees><Wine>N</Wine><Coffee>N</Coffee><Beans>N</Beans><Fruits>Y</Fruits><Grains>N</Grains><Juices>N</Juices><Mushrooms>N</Mushrooms><PetFood>N</PetFood><Tofu>N</Tofu><WildHarvested>N</WildHarvested><updateTime>4/9/2014 2:09:29 PM</updateTime></farmersMarket>