<?xml version="1.0" encoding="UTF-8"?>
<farmersMarket xmlns="http://marklogic.com/ferret/demodata"><FMID>1000225</FMID><MarketName>Spotsylvania Farmers Market - Spotsylvania Regional Medical Center</MarketName><Website/><Facebook>https://www.facebook.com/pages/Spotsylvania-Farmers-Market/183322131704490</Facebook><Twitter/><Youtube/><OtherMedia/><street>4600 Spotsylvania Parkway</street><city>Fredericksburg</city><County>Spotsylvania</County><State>Virginia</State><zip>22408</zip><Season1Date>05/04/2016 to 09/07/2016</Season1Date><Season1Time>Wed: 2:00 PM-6:00 PM;</Season1Time><Season2Date/><Season2Time/><Season3Date/><Season3Time/><Season4Date/><Season4Time/><x>-77.494715</x><y>38.218511</y><Location/><Credit>Y</Credit><WIC>N</WIC><WICcash>N</WICcash><SFMNP>N</SFMNP><SNAP>Y</SNAP><Organic>N</Organic><Bakedgoods>Y</Bakedgoods><Cheese>N</Cheese><Crafts>N</Crafts><Flowers>Y</Flowers><Eggs>Y</Eggs><Seafood>N</Seafood><Herbs>Y</Herbs><Vegetables>Y</Vegetables><Honey>Y</Honey><Jams>Y</Jams><Maple>N</Maple><Meat>Y</Meat><Nursery>N</Nursery><Nuts>N</Nuts><Plants>Y</Plants><Poultry>Y</Poultry><Prepared>Y</Prepared><Soap>Y</Soap><Trees>N</Trees><Wine>N</Wine><Coffee>N</Coffee><Beans>N</Beans><Fruits>Y</Fruits><Grains>N</Grains><Juices>Y</Juices><Mushrooms>N</Mushrooms><PetFood>N</PetFood><Tofu>N</Tofu><WildHarvested>N</WildHarvested><updateTime>6/27/2016 3:37:14 PM</updateTime></farmersMarket>