<?xml version="1.0" encoding="UTF-8"?>
<farmersMarket xmlns="http://marklogic.com/ferret/demodata"><FMID>1000236</FMID><MarketName>Corvallis Indoor Winter Market</MarketName><Website/><Facebook>https://www.facebook.com/Corvallis.Indoor.Winter.Market</Facebook><Twitter/><Youtube/><OtherMedia/><street>110 SW 53rd St</street><city>Corvallis</city><County>Benton</County><State>Oregon</State><zip>97333</zip><Season1Date>01/14/2017 to 04/08/2017</Season1Date><Season1Time>Sat: 9:00 AM-1:00 PM;</Season1Time><Season2Date/><Season2Time/><Season3Date/><Season3Time/><Season4Date/><Season4Time/><x>-123.314881</x><y>44.567022</y><Location/><Credit>Y</Credit><WIC>N</WIC><WICcash>Y</WICcash><SFMNP>N</SFMNP><SNAP>Y</SNAP><Organic>Y</Organic><Bakedgoods>Y</Bakedgoods><Cheese>Y</Cheese><Crafts>Y</Crafts><Flowers>Y</Flowers><Eggs>Y</Eggs><Seafood>N</Seafood><Herbs>Y</Herbs><Vegetables>Y</Vegetables><Honey>Y</Honey><Jams>Y</Jams><Maple>N</Maple><Meat>Y</Meat><Nursery>N</Nursery><Nuts>Y</Nuts><Plants>Y</Plants><Poultry>Y</Poultry><Prepared>Y</Prepared><Soap>Y</Soap><Trees>Y</Trees><Wine>N</Wine><Coffee>N</Coffee><Beans>N</Beans><Fruits>Y</Fruits><Grains>Y</Grains><Juices>N</Juices><Mushrooms>Y</Mushrooms><PetFood>Y</PetFood><Tofu>N</Tofu><WildHarvested>Y</WildHarvested><updateTime>8/8/2016 10:29:24 PM</updateTime></farmersMarket>