<?xml version="1.0" encoding="UTF-8"?>
<farmersMarket xmlns="http://marklogic.com/ferret/demodata"><FMID>1000300</FMID><MarketName>Douglass Farmers' Market</MarketName><Website>http://www.douglassfarmersmarket.wordpress.com</Website><Facebook>https://www.facebook.com/pages/Fair-Food-Matters/113123338709080</Facebook><Twitter>https://twitter.com/FFMKzoo</Twitter><Youtube/><OtherMedia/><street>1000 West Paterson Street</street><city>Kalamazoo</city><County>Kalamazoo</County><State>Michigan</State><zip>49007</zip><Season1Date>06/04/2013 to 09/24/2013</Season1Date><Season1Time>Tue: 3:00 PM-6:00 PM;</Season1Time><Season2Date/><Season2Time/><Season3Date/><Season3Time/><Season4Date/><Season4Time/><x>-85.598452</x><y>42.303569</y><Location>Other</Location><Credit>Y</Credit><WIC>Y</WIC><WICcash>N</WICcash><SFMNP>Y</SFMNP><SNAP>Y</SNAP><Organic>-</Organic><Bakedgoods>Y</Bakedgoods><Cheese>N</Cheese><Crafts>Y</Crafts><Flowers>Y</Flowers><Eggs>Y</Eggs><Seafood>N</Seafood><Herbs>Y</Herbs><Vegetables>Y</Vegetables><Honey>N</Honey><Jams>Y</Jams><Maple>N</Maple><Meat>N</Meat><Nursery>N</Nursery><Nuts>N</Nuts><Plants>Y</Plants><Poultry>N</Poultry><Prepared>Y</Prepared><Soap>Y</Soap><Trees>N</Trees><Wine>N</Wine><Coffee>N</Coffee><Beans>N</Beans><Fruits>Y</Fruits><Grains>N</Grains><Juices>N</Juices><Mushrooms>N</Mushrooms><PetFood>N</PetFood><Tofu>N</Tofu><WildHarvested>N</WildHarvested><updateTime>3/14/2014 4:05:51 PM</updateTime></farmersMarket>