<?xml version="1.0" encoding="UTF-8"?>
<farmersMarket xmlns="http://marklogic.com/ferret/demodata"><FMID>1000146</FMID><MarketName>Point Reyes Farmers Market</MarketName><Website>http://www.pointreyesfarmersmarket.org</Website><Facebook>https://www.facebook.com/pointreyesfarmersmarket</Facebook><Twitter/><Youtube/><OtherMedia/><street>11250 State Route 1</street><city>Point Reyes Station</city><County>Marin</County><State>California</State><zip>94956</zip><Season1Date>06/25/2016 to 11/05/2016</Season1Date><Season1Time>Sat: 9:00 AM-1:00 PM;</Season1Time><Season2Date/><Season2Time/><Season3Date/><Season3Time/><Season4Date/><Season4Time/><x>-122.805359</x><y>38.067805</y><Location/><Credit>Y</Credit><WIC>Y</WIC><WICcash>N</WICcash><SFMNP>Y</SFMNP><SNAP>Y</SNAP><Organic>Y</Organic><Bakedgoods>Y</Bakedgoods><Cheese>N</Cheese><Crafts>Y</Crafts><Flowers>Y</Flowers><Eggs>Y</Eggs><Seafood>Y</Seafood><Herbs>Y</Herbs><Vegetables>Y</Vegetables><Honey>Y</Honey><Jams>Y</Jams><Maple>N</Maple><Meat>Y</Meat><Nursery>N</Nursery><Nuts>N</Nuts><Plants>N</Plants><Poultry>N</Poultry><Prepared>Y</Prepared><Soap>N</Soap><Trees>N</Trees><Wine>N</Wine><Coffee>Y</Coffee><Beans>N</Beans><Fruits>Y</Fruits><Grains>N</Grains><Juices>Y</Juices><Mushrooms>N</Mushrooms><PetFood>N</PetFood><Tofu>N</Tofu><WildHarvested>N</WildHarvested><updateTime>6/27/2016 1:39:22 PM</updateTime></farmersMarket>