<?xml version="1.0" encoding="UTF-8"?>
<farmersMarket xmlns="http://marklogic.com/ferret/demodata"><FMID>1000208</FMID><MarketName>Bloomsburg Farmers Market</MarketName><Website>http://www.bloomsburgpa.org/bloomsburg-farmers-market</Website><Facebook/><Twitter/><Youtube/><OtherMedia/><street>Market Street at Main Street</street><city>Bloomsburg</city><County>Columbia</County><State>Pennsylvania</State><zip>17815</zip><Season1Date>05/28/2016 to 10/29/2016</Season1Date><Season1Time>Tue: 7:00 AM-1:00 PM;Thu: 7:00 AM-1:00 PM;Sat: 7:00 AM-1:00 PM;</Season1Time><Season2Date/><Season2Time/><Season3Date/><Season3Time/><Season4Date/><Season4Time/><x>-76.457784</x><y>41.002460</y><Location/><Credit>Y</Credit><WIC>Y</WIC><WICcash>N</WICcash><SFMNP>Y</SFMNP><SNAP>N</SNAP><Organic>-</Organic><Bakedgoods>Y</Bakedgoods><Cheese>N</Cheese><Crafts>N</Crafts><Flowers>Y</Flowers><Eggs>Y</Eggs><Seafood>N</Seafood><Herbs>Y</Herbs><Vegetables>Y</Vegetables><Honey>N</Honey><Jams>Y</Jams><Maple>N</Maple><Meat>Y</Meat><Nursery>N</Nursery><Nuts>N</Nuts><Plants>N</Plants><Poultry>Y</Poultry><Prepared>N</Prepared><Soap>N</Soap><Trees>N</Trees><Wine>N</Wine><Coffee>N</Coffee><Beans>N</Beans><Fruits>Y</Fruits><Grains>N</Grains><Juices>N</Juices><Mushrooms>N</Mushrooms><PetFood>Y</PetFood><Tofu>N</Tofu><WildHarvested>N</WildHarvested><updateTime>6/27/2016 1:24:33 PM</updateTime></farmersMarket>