<?xml version="1.0" encoding="UTF-8"?>
<farmersMarket xmlns="http://marklogic.com/ferret/demodata"><FMID>1000226</FMID><MarketName>Spotsylvania Farmers Market - VDOT Commuter Parking Lot</MarketName><Website/><Facebook>https://www.facebook.com/pages/Spotsylvania-Farmers-Market/183322131704490</Facebook><Twitter/><Youtube/><OtherMedia/><street>12150 Gordon Rd</street><city>Fredericksburg</city><County>Spotsylvania</County><State>Virginia</State><zip>22407</zip><Season1Date>04/09/2016 to 12/17/2016</Season1Date><Season1Time>Sat: 8:00 AM-1:00 PM;</Season1Time><Season2Date>01/14/2017 to 03/11/2017</Season2Date><Season2Time>Sat: 9:00 AM-12:00 PM;</Season2Time><Season3Date/><Season3Time/><Season4Date/><Season4Time/><x>-77.562228</x><y>38.290307</y><Location/><Credit>Y</Credit><WIC>N</WIC><WICcash>N</WICcash><SFMNP>N</SFMNP><SNAP>Y</SNAP><Organic>N</Organic><Bakedgoods>Y</Bakedgoods><Cheese>Y</Cheese><Crafts>N</Crafts><Flowers>Y</Flowers><Eggs>Y</Eggs><Seafood>Y</Seafood><Herbs>Y</Herbs><Vegetables>Y</Vegetables><Honey>Y</Honey><Jams>Y</Jams><Maple>N</Maple><Meat>Y</Meat><Nursery>N</Nursery><Nuts>Y</Nuts><Plants>Y</Plants><Poultry>Y</Poultry><Prepared>Y</Prepared><Soap>Y</Soap><Trees>Y</Trees><Wine>N</Wine><Coffee>Y</Coffee><Beans>N</Beans><Fruits>Y</Fruits><Grains>Y</Grains><Juices>Y</Juices><Mushrooms>Y</Mushrooms><PetFood>Y</PetFood><Tofu>N</Tofu><WildHarvested>Y</WildHarvested><updateTime>6/27/2016 3:42:12 PM</updateTime></farmersMarket>