<?xml version="1.0" encoding="UTF-8"?>
<farmersMarket xmlns="http://marklogic.com/ferret/demodata"><FMID>1000191</FMID><MarketName>West Brookfield Farmers Market</MarketName><Website/><Facebook>https://www.facebook.com/pages/West-Brookfield-Farmers-Market/101180833272025</Facebook><Twitter/><Youtube/><OtherMedia/><street>Town Common, Junction of Rt. 67 and Rt. 9</street><city>West Brookfield</city><County>Worcester</County><State>Massachusetts</State><zip>01585</zip><Season1Date>06/04/2014 to 10/15/2014</Season1Date><Season1Time>Wed: 3:00 PM-6:00 PM;</Season1Time><Season2Date/><Season2Time/><Season3Date/><Season3Time/><Season4Date/><Season4Time/><x>-72.13915</x><y>42.23586</y><Location>Other</Location><Credit>N</Credit><WIC>Y</WIC><WICcash>N</WICcash><SFMNP>Y</SFMNP><SNAP>N</SNAP><Organic>-</Organic><Bakedgoods>Y</Bakedgoods><Cheese>Y</Cheese><Crafts>N</Crafts><Flowers>Y</Flowers><Eggs>Y</Eggs><Seafood>N</Seafood><Herbs>Y</Herbs><Vegetables>Y</Vegetables><Honey>Y</Honey><Jams>Y</Jams><Maple>Y</Maple><Meat>Y</Meat><Nursery>N</Nursery><Nuts>N</Nuts><Plants>Y</Plants><Poultry>Y</Poultry><Prepared>Y</Prepared><Soap>N</Soap><Trees>N</Trees><Wine>N</Wine><Coffee>N</Coffee><Beans>N</Beans><Fruits>Y</Fruits><Grains>N</Grains><Juices>N</Juices><Mushrooms>N</Mushrooms><PetFood>N</PetFood><Tofu>N</Tofu><WildHarvested>N</WildHarvested><updateTime>4/6/2014 7:54:12 AM</updateTime></farmersMarket>