<?xml version="1.0" encoding="UTF-8"?>
<farmersMarket xmlns="http://marklogic.com/ferret/demodata"><FMID>1000442</FMID><MarketName>Yakima Farmers' Market</MarketName><Website>http://www.yakimafarmersmarket.org</Website><Facebook>https://www.facebook.com/YakimaFarmersMarket</Facebook><Twitter/><Youtube/><OtherMedia/><street>S 3rd Street at Yakima Avenue</street><city>Yakima</city><County>Yakima</County><State>Washington</State><zip>98901</zip><Season1Date>05/12/2013 to 10/27/2013</Season1Date><Season1Time>Sun: 9:00 AM-2:00 PM;</Season1Time><Season2Date/><Season2Time/><Season3Date/><Season3Time/><Season4Date/><Season4Time/><x>-120.502725</x><y>46.602339</y><Location>Closed-off public street</Location><Credit>Y</Credit><WIC>Y</WIC><WICcash>N</WICcash><SFMNP>Y</SFMNP><SNAP>N</SNAP><Organic>Y</Organic><Bakedgoods>Y</Bakedgoods><Cheese>Y</Cheese><Crafts>Y</Crafts><Flowers>Y</Flowers><Eggs>Y</Eggs><Seafood>Y</Seafood><Herbs>Y</Herbs><Vegetables>Y</Vegetables><Honey>Y</Honey><Jams>Y</Jams><Maple>N</Maple><Meat>N</Meat><Nursery>N</Nursery><Nuts>N</Nuts><Plants>Y</Plants><Poultry>Y</Poultry><Prepared>Y</Prepared><Soap>Y</Soap><Trees>Y</Trees><Wine>N</Wine><Coffee>N</Coffee><Beans>N</Beans><Fruits>Y</Fruits><Grains>N</Grains><Juices>N</Juices><Mushrooms>N</Mushrooms><PetFood>N</PetFood><Tofu>N</Tofu><WildHarvested>N</WildHarvested><updateTime>6/19/2013 11:39:42 PM</updateTime></farmersMarket>