<?xml version="1.0" encoding="UTF-8"?>
<farmersMarket xmlns="http://marklogic.com/ferret/demodata"><FMID>1000519</FMID><MarketName>Alexandria Bay Farmers Market</MarketName><Website>http://www.visitalexbay.org</Website><Facebook>https://www.facebook.com/pages/Alexandria-Bay-Chamber-of-Commerce/82504121853</Facebook><Twitter/><Youtube/><OtherMedia/><street>Route 12</street><city>Alexandria Bay</city><County>Jefferson</County><State>New York</State><zip>13607</zip><Season1Date>05/23/2014 to 09/19/2014</Season1Date><Season1Time>Fri: 9:00 AM-3:00 PM;</Season1Time><Season2Date/><Season2Time/><Season3Date/><Season3Time/><Season4Date/><Season4Time/><x>-75.9157</x><y>44.3314</y><Location>Private business parking lot</Location><Credit>N</Credit><WIC>Y</WIC><WICcash>N</WICcash><SFMNP>N</SFMNP><SNAP>N</SNAP><Organic>-</Organic><Bakedgoods>Y</Bakedgoods><Cheese>N</Cheese><Crafts>Y</Crafts><Flowers>N</Flowers><Eggs>N</Eggs><Seafood>N</Seafood><Herbs>N</Herbs><Vegetables>Y</Vegetables><Honey>Y</Honey><Jams>Y</Jams><Maple>Y</Maple><Meat>N</Meat><Nursery>N</Nursery><Nuts>N</Nuts><Plants>Y</Plants><Poultry>N</Poultry><Prepared>N</Prepared><Soap>N</Soap><Trees>N</Trees><Wine>Y</Wine><Coffee>N</Coffee><Beans>N</Beans><Fruits>Y</Fruits><Grains>N</Grains><Juices>N</Juices><Mushrooms>N</Mushrooms><PetFood>N</PetFood><Tofu>N</Tofu><WildHarvested>N</WildHarvested><updateTime>4/1/2014 9:36:04 AM</updateTime></farmersMarket>