<?xml version="1.0" encoding="UTF-8"?>
<farmersMarket xmlns="http://marklogic.com/ferret/demodata"><FMID>1000216</FMID><MarketName>Greenfield Farmer's Market</MarketName><Website/><Facebook>https://www.facebook.com/pages/Greenfield-Farmers-Market/190768260965370</Facebook><Twitter/><Youtube/><OtherMedia/><street>1300 Jefferson Street</street><city>Greenfield</city><County>Highland</County><State>Ohio</State><zip>45123</zip><Season1Date/><Season1Time>Thu: 4:00 PM-7:00 PM;</Season1Time><Season2Date/><Season2Time/><Season3Date/><Season3Time/><Season4Date/><Season4Time/><x>-83.400832</x><y>39.347270</y><Location>Private business parking lot</Location><Credit>N</Credit><WIC>N</WIC><WICcash>Y</WICcash><SFMNP>N</SFMNP><SNAP>Y</SNAP><Organic>-</Organic><Bakedgoods>Y</Bakedgoods><Cheese>N</Cheese><Crafts>Y</Crafts><Flowers>Y</Flowers><Eggs>Y</Eggs><Seafood>N</Seafood><Herbs>Y</Herbs><Vegetables>Y</Vegetables><Honey>N</Honey><Jams>Y</Jams><Maple>N</Maple><Meat>N</Meat><Nursery>N</Nursery><Nuts>N</Nuts><Plants>N</Plants><Poultry>N</Poultry><Prepared>N</Prepared><Soap>N</Soap><Trees>N</Trees><Wine>N</Wine><Coffee>N</Coffee><Beans>N</Beans><Fruits>Y</Fruits><Grains>N</Grains><Juices>N</Juices><Mushrooms>N</Mushrooms><PetFood>N</PetFood><Tofu>N</Tofu><WildHarvested>N</WildHarvested><updateTime>6/12/2013 2:17:25 PM</updateTime></farmersMarket>