<?xml version="1.0" encoding="UTF-8"?>
<farmersMarket xmlns="http://marklogic.com/ferret/demodata"><FMID>1000108</FMID><MarketName>Ely Farmers Market</MarketName><Website>http://www.elyedge.org</Website><Facebook/><Twitter/><Youtube/><OtherMedia/><street>1595 Dows St.</street><city>Ely</city><County>Iowa</County><State>Iowa</State><zip>52227</zip><Season1Date>November to March</Season1Date><Season1Time>Sat:9:00 AM - 12:00 PM;</Season1Time><Season2Date/><Season2Time/><Season3Date/><Season3Time/><Season4Date/><Season4Time/><x>-91.5858693</x><y>41.8733833</y><Location>Local government building grounds</Location><Credit>N</Credit><WIC>N</WIC><WICcash>N</WICcash><SFMNP>N</SFMNP><SNAP>N</SNAP><Organic>-</Organic><Bakedgoods>Y</Bakedgoods><Cheese>N</Cheese><Crafts>Y</Crafts><Flowers>Y</Flowers><Eggs>Y</Eggs><Seafood>N</Seafood><Herbs>Y</Herbs><Vegetables>Y</Vegetables><Honey>Y</Honey><Jams>Y</Jams><Maple>N</Maple><Meat>N</Meat><Nursery>Y</Nursery><Nuts>Y</Nuts><Plants>Y</Plants><Poultry>N</Poultry><Prepared>Y</Prepared><Soap>Y</Soap><Trees>N</Trees><Wine>N</Wine><Coffee>N</Coffee><Beans>N</Beans><Fruits>N</Fruits><Grains>N</Grains><Juices>N</Juices><Mushrooms>N</Mushrooms><PetFood>N</PetFood><Tofu>N</Tofu><WildHarvested>N</WildHarvested><updateTime>5/14/2012 1:36:29 PM</updateTime></farmersMarket>