<?xml version="1.0" encoding="UTF-8"?>
<farmersMarket xmlns="http://marklogic.com/ferret/demodata"><FMID>1000605</FMID><MarketName>Rhinebeck Farmers Market</MarketName><Website>http://www.rhinebeckfarmersmarket.com</Website><Facebook>https://www.facebook.com/RhinebeckFarmersMarket?ref=hl</Facebook><Twitter>https://twitter.com/rhinebeckmkt</Twitter><Youtube>https://www.youtube.com/watch?v=3hL6h3Nhft4</Youtube><OtherMedia>http://instagram.com/rhinebeckfarmersmarket</OtherMedia><street>61 East Market St</street><city>Rhinebeck</city><County>Dutchess</County><State>New York</State><zip>12572</zip><Season1Date>05/08/2016 to 11/20/2016</Season1Date><Season1Time>Sun: 10:00 AM-2:00 PM;</Season1Time><Season2Date/><Season2Time/><Season3Date/><Season3Time/><Season4Date/><Season4Time/><x>-73.91021</x><y>41.92738</y><Location/><Credit>Y</Credit><WIC>Y</WIC><WICcash>N</WICcash><SFMNP>Y</SFMNP><SNAP>Y</SNAP><Organic>Y</Organic><Bakedgoods>Y</Bakedgoods><Cheese>Y</Cheese><Crafts>Y</Crafts><Flowers>Y</Flowers><Eggs>Y</Eggs><Seafood>Y</Seafood><Herbs>Y</Herbs><Vegetables>Y</Vegetables><Honey>Y</Honey><Jams>Y</Jams><Maple>Y</Maple><Meat>Y</Meat><Nursery>N</Nursery><Nuts>N</Nuts><Plants>Y</Plants><Poultry>Y</Poultry><Prepared>Y</Prepared><Soap>Y</Soap><Trees>Y</Trees><Wine>Y</Wine><Coffee>Y</Coffee><Beans>N</Beans><Fruits>Y</Fruits><Grains>Y</Grains><Juices>Y</Juices><Mushrooms>Y</Mushrooms><PetFood>N</PetFood><Tofu>N</Tofu><WildHarvested>Y</WildHarvested><updateTime>9/21/2016 3:22:51 PM</updateTime></farmersMarket>