<?xml version="1.0" encoding="UTF-8"?>
<farmersMarket xmlns="http://marklogic.com/ferret/demodata"><FMID>1000266</FMID><MarketName>Person County Farmers Market</MarketName><Website>http://www.personcountyfarmersmarket.com</Website><Facebook>https://www.facebook.com/PersonCountyFarmersMarket</Facebook><Twitter/><Youtube/><OtherMedia/><street>601 North Madison Bouelvard</street><city>Roxboro</city><County>Person</County><State>North Carolina</State><zip>27573</zip><Season1Date>04/19/2014 to 09/27/2014</Season1Date><Season1Time>Wed: 3:00 PM-6:00 PM;Sat: 8:00 AM-12:00 PM;</Season1Time><Season2Date/><Season2Time/><Season3Date/><Season3Time/><Season4Date/><Season4Time/><x>-78.9814539</x><y>36.4017695</y><Location>Other</Location><Credit>Y</Credit><WIC>N</WIC><WICcash>N</WICcash><SFMNP>N</SFMNP><SNAP>N</SNAP><Organic>-</Organic><Bakedgoods>Y</Bakedgoods><Cheese>Y</Cheese><Crafts>Y</Crafts><Flowers>Y</Flowers><Eggs>Y</Eggs><Seafood>N</Seafood><Herbs>Y</Herbs><Vegetables>Y</Vegetables><Honey>Y</Honey><Jams>Y</Jams><Maple>N</Maple><Meat>Y</Meat><Nursery>N</Nursery><Nuts>N</Nuts><Plants>Y</Plants><Poultry>Y</Poultry><Prepared>Y</Prepared><Soap>Y</Soap><Trees>Y</Trees><Wine>Y</Wine><Coffee>Y</Coffee><Beans>N</Beans><Fruits>Y</Fruits><Grains>N</Grains><Juices>N</Juices><Mushrooms>N</Mushrooms><PetFood>N</PetFood><Tofu>N</Tofu><WildHarvested>N</WildHarvested><updateTime>5/2/2014 10:52:43 PM</updateTime></farmersMarket>