<?xml version="1.0" encoding="UTF-8"?>
<farmersMarket xmlns="http://marklogic.com/ferret/demodata"><FMID>1000324</FMID><MarketName>Coastside Farmers' Market in Half Moon Bay</MarketName><Website>http://www.coastsidefarmersmarket.org</Website><Facebook/><Twitter/><Youtube/><OtherMedia/><street>225 Cabrillo Hwy S</street><city>Half Moon Bay</city><County>San Mateo</County><State>California</State><zip>94019</zip><Season1Date>May to December</Season1Date><Season1Time>Sat:9:00 AM - 1:00 PM;</Season1Time><Season2Date/><Season2Time/><Season3Date/><Season3Time/><Season4Date/><Season4Time/><x>-122.4331</x><y>37.46438</y><Location>Private business parking lot</Location><Credit>Y</Credit><WIC>N</WIC><WICcash>Y</WICcash><SFMNP>Y</SFMNP><SNAP>Y</SNAP><Organic>Y</Organic><Bakedgoods>Y</Bakedgoods><Cheese>Y</Cheese><Crafts>Y</Crafts><Flowers>Y</Flowers><Eggs>Y</Eggs><Seafood>Y</Seafood><Herbs>Y</Herbs><Vegetables>Y</Vegetables><Honey>Y</Honey><Jams>Y</Jams><Maple>N</Maple><Meat>Y</Meat><Nursery>Y</Nursery><Nuts>Y</Nuts><Plants>Y</Plants><Poultry>Y</Poultry><Prepared>Y</Prepared><Soap>Y</Soap><Trees>N</Trees><Wine>N</Wine><Coffee>N</Coffee><Beans>N</Beans><Fruits>N</Fruits><Grains>N</Grains><Juices>N</Juices><Mushrooms>N</Mushrooms><PetFood>N</PetFood><Tofu>N</Tofu><WildHarvested>N</WildHarvested><updateTime>4/25/2012 10:07:26 PM</updateTime></farmersMarket>