<?xml version="1.0" encoding="UTF-8"?>
<farmersMarket xmlns="http://marklogic.com/ferret/demodata"><FMID>1000302</FMID><MarketName>Petaluma Evening Farmers' Market</MarketName><Website>http://www.petalumafarmersmarket.org</Website><Facebook>https://www.facebook.com/PetalumaFarmersMarket</Facebook><Twitter/><Youtube/><OtherMedia/><street>2nd Street</street><city>Petaluma</city><County>Sonoma</County><State>California</State><zip>94952</zip><Season1Date>06/04/2014 to 08/13/2014</Season1Date><Season1Time>Wed: 4:30 PM-8:00 PM;</Season1Time><Season2Date/><Season2Time/><Season3Date/><Season3Time/><Season4Date/><Season4Time/><x>-122.637023</x><y>38.233351</y><Location>Closed-off public street</Location><Credit>Y</Credit><WIC>Y</WIC><WICcash>N</WICcash><SFMNP>Y</SFMNP><SNAP>Y</SNAP><Organic>-</Organic><Bakedgoods>Y</Bakedgoods><Cheese>Y</Cheese><Crafts>Y</Crafts><Flowers>Y</Flowers><Eggs>Y</Eggs><Seafood>Y</Seafood><Herbs>Y</Herbs><Vegetables>Y</Vegetables><Honey>Y</Honey><Jams>Y</Jams><Maple>N</Maple><Meat>Y</Meat><Nursery>N</Nursery><Nuts>Y</Nuts><Plants>Y</Plants><Poultry>Y</Poultry><Prepared>Y</Prepared><Soap>Y</Soap><Trees>Y</Trees><Wine>N</Wine><Coffee>Y</Coffee><Beans>N</Beans><Fruits>Y</Fruits><Grains>N</Grains><Juices>Y</Juices><Mushrooms>Y</Mushrooms><PetFood>N</PetFood><Tofu>N</Tofu><WildHarvested>N</WildHarvested><updateTime>3/17/2014 9:49:23 AM</updateTime></farmersMarket>