<?xml version="1.0" encoding="UTF-8"?>
<farmersMarket xmlns="http://marklogic.com/ferret/demodata"><FMID>1000186</FMID><MarketName>Sugar House Farmers Market</MarketName><Website>http://www.sugarhousefarmersmarket.com</Website><Facebook>https://www.facebook.com/sugarhousefarmersmarket</Facebook><Twitter/><Youtube/><OtherMedia/><street>2234 Highland Drive</street><city>Salt Lake City</city><County>Salt Lake</County><State>Utah</State><zip>84106</zip><Season1Date>07/10/2015 to 10/16/2015</Season1Date><Season1Time>Fri: 4:00 PM-8:00 PM;</Season1Time><Season2Date/><Season2Time/><Season3Date/><Season3Time/><Season4Date/><Season4Time/><x>-111.8590800</x><y>40.7222640</y><Location/><Credit>Y</Credit><WIC>N</WIC><WICcash>N</WICcash><SFMNP>N</SFMNP><SNAP>Y</SNAP><Organic>N</Organic><Bakedgoods>Y</Bakedgoods><Cheese>Y</Cheese><Crafts>Y</Crafts><Flowers>N</Flowers><Eggs>N</Eggs><Seafood>N</Seafood><Herbs>Y</Herbs><Vegetables>Y</Vegetables><Honey>Y</Honey><Jams>Y</Jams><Maple>N</Maple><Meat>Y</Meat><Nursery>N</Nursery><Nuts>Y</Nuts><Plants>Y</Plants><Poultry>N</Poultry><Prepared>Y</Prepared><Soap>Y</Soap><Trees>N</Trees><Wine>N</Wine><Coffee>Y</Coffee><Beans>N</Beans><Fruits>Y</Fruits><Grains>N</Grains><Juices>Y</Juices><Mushrooms>N</Mushrooms><PetFood>N</PetFood><Tofu>N</Tofu><WildHarvested>N</WildHarvested><updateTime>3/21/2015 5:16:43 PM</updateTime></farmersMarket>