<?xml version="1.0" encoding="UTF-8"?>
<farmersMarket xmlns="http://marklogic.com/ferret/demodata"><FMID>1000548</FMID><MarketName>Union Street Farmers Market</MarketName><Website>http://www.unionstreetfarmersmkt.com</Website><Facebook/><Twitter/><Youtube/><OtherMedia/><street>111 E University Ave.</street><city>Gainesville</city><County>Alachua</County><State>Florida</State><zip>32601</zip><Season1Date>01/01/2016 to 12/31/2016</Season1Date><Season1Time>Wed: 4:00 PM-7:00 PM;</Season1Time><Season2Date/><Season2Time/><Season3Date/><Season3Time/><Season4Date/><Season4Time/><x>-82.3234669</x><y>29.6515030</y><Location/><Credit>Y</Credit><WIC>Y</WIC><WICcash>N</WICcash><SFMNP>Y</SFMNP><SNAP>Y</SNAP><Organic>Y</Organic><Bakedgoods>Y</Bakedgoods><Cheese>Y</Cheese><Crafts>Y</Crafts><Flowers>Y</Flowers><Eggs>Y</Eggs><Seafood>Y</Seafood><Herbs>Y</Herbs><Vegetables>Y</Vegetables><Honey>Y</Honey><Jams>Y</Jams><Maple>N</Maple><Meat>Y</Meat><Nursery>N</Nursery><Nuts>Y</Nuts><Plants>Y</Plants><Poultry>Y</Poultry><Prepared>Y</Prepared><Soap>Y</Soap><Trees>Y</Trees><Wine>N</Wine><Coffee>Y</Coffee><Beans>N</Beans><Fruits>Y</Fruits><Grains>N</Grains><Juices>Y</Juices><Mushrooms>Y</Mushrooms><PetFood>Y</PetFood><Tofu>Y</Tofu><WildHarvested>N</WildHarvested><updateTime>7/6/2016 11:33:06 AM</updateTime></farmersMarket>