<?xml version="1.0" encoding="UTF-8"?>
<farmersMarket xmlns="http://marklogic.com/ferret/demodata"><FMID>1000672</FMID><MarketName>Southwest Harbor Farmers' Market</MarketName><Website/><Facebook/><Twitter/><Youtube/><OtherMedia/><street>315 Main Street</street><city>Southwest Harbor</city><County>Hancock</County><State>Maine</State><zip>04679</zip><Season1Date>June to October</Season1Date><Season1Time>Fri:9:00 AM - 1:00 PM;</Season1Time><Season2Date/><Season2Time/><Season3Date/><Season3Time/><Season4Date/><Season4Time/><x>-68.3214</x><y>44.27766</y><Location>Faith-based institution (e.g., church, mosque, synagogue, temple)</Location><Credit>Y</Credit><WIC>Y</WIC><WICcash>N</WICcash><SFMNP>N</SFMNP><SNAP>N</SNAP><Organic>Y</Organic><Bakedgoods>Y</Bakedgoods><Cheese>Y</Cheese><Crafts>Y</Crafts><Flowers>Y</Flowers><Eggs>Y</Eggs><Seafood>N</Seafood><Herbs>Y</Herbs><Vegetables>Y</Vegetables><Honey>N</Honey><Jams>Y</Jams><Maple>N</Maple><Meat>Y</Meat><Nursery>N</Nursery><Nuts>N</Nuts><Plants>N</Plants><Poultry>N</Poultry><Prepared>N</Prepared><Soap>Y</Soap><Trees>N</Trees><Wine>N</Wine><Coffee>N</Coffee><Beans>N</Beans><Fruits>N</Fruits><Grains>N</Grains><Juices>N</Juices><Mushrooms>N</Mushrooms><PetFood>N</PetFood><Tofu>N</Tofu><WildHarvested>N</WildHarvested><updateTime>4/26/2012 3:15:14 PM</updateTime></farmersMarket>