<?xml version="1.0" encoding="UTF-8"?>
<farmersMarket xmlns="http://marklogic.com/ferret/demodata"><FMID>1000631</FMID><MarketName>Logan County Farmers Market</MarketName><Website>http://www.ces.ca.uky.edu/logan/</Website><Facebook/><Twitter/><Youtube/><OtherMedia/><street>255 John Paul Rd.</street><city>Russellville</city><County>Logan</County><State>Kentucky</State><zip>42276</zip><Season1Date>05/01/2011 to 10/31/2011</Season1Date><Season1Time>Tue: 12:00 PM-4:00 PM;Sat: 8:00 AM-12:00 PM;</Season1Time><Season2Date/><Season2Time/><Season3Date/><Season3Time/><Season4Date/><Season4Time/><x>-86.8868</x><y>36.865</y><Location>Other</Location><Credit>N</Credit><WIC>Y</WIC><WICcash>N</WICcash><SFMNP>Y</SFMNP><SNAP>N</SNAP><Organic>-</Organic><Bakedgoods>Y</Bakedgoods><Cheese>N</Cheese><Crafts>N</Crafts><Flowers>Y</Flowers><Eggs>N</Eggs><Seafood>N</Seafood><Herbs>Y</Herbs><Vegetables>Y</Vegetables><Honey>Y</Honey><Jams>Y</Jams><Maple>N</Maple><Meat>N</Meat><Nursery>N</Nursery><Nuts>N</Nuts><Plants>Y</Plants><Poultry>N</Poultry><Prepared>Y</Prepared><Soap>N</Soap><Trees>Y</Trees><Wine>N</Wine><Coffee>N</Coffee><Beans>N</Beans><Fruits>Y</Fruits><Grains>N</Grains><Juices>N</Juices><Mushrooms>N</Mushrooms><PetFood>N</PetFood><Tofu>N</Tofu><WildHarvested>N</WildHarvested><updateTime>3/31/2014 5:49:48 PM</updateTime></farmersMarket>