<?xml version="1.0" encoding="UTF-8"?>
<farmersMarket xmlns="http://marklogic.com/ferret/demodata"><FMID>1000626</FMID><MarketName>Chatham Mills Farmers' Market</MarketName><Website>http://www.chathammillsfarmersmarket.com</Website><Facebook>www.facebook.com/Chatham-Mills-Farmers-Market</Facebook><Twitter/><Youtube/><OtherMedia/><street>480 Hillsboro St</street><city>Pittsboro</city><County>Chatham</County><State>North Carolina</State><zip>27312</zip><Season1Date>04/04/2015 to 09/26/2015</Season1Date><Season1Time>Sat: 8:00 AM-1:00 PM;</Season1Time><Season2Date>10/03/2015 to 12/26/2015</Season2Date><Season2Time>Sat: 10:00 AM-1:00 PM;</Season2Time><Season3Date/><Season3Time/><Season4Date/><Season4Time/><x>-79.175913</x><y>35.726962</y><Location/><Credit>Y</Credit><WIC>N</WIC><WICcash>N</WICcash><SFMNP>N</SFMNP><SNAP>N</SNAP><Organic>-</Organic><Bakedgoods>Y</Bakedgoods><Cheese>Y</Cheese><Crafts>Y</Crafts><Flowers>Y</Flowers><Eggs>Y</Eggs><Seafood>Y</Seafood><Herbs>Y</Herbs><Vegetables>Y</Vegetables><Honey>Y</Honey><Jams>Y</Jams><Maple>N</Maple><Meat>Y</Meat><Nursery>N</Nursery><Nuts>N</Nuts><Plants>Y</Plants><Poultry>Y</Poultry><Prepared>N</Prepared><Soap>Y</Soap><Trees>Y</Trees><Wine>N</Wine><Coffee>N</Coffee><Beans>Y</Beans><Fruits>Y</Fruits><Grains>Y</Grains><Juices>N</Juices><Mushrooms>Y</Mushrooms><PetFood>Y</PetFood><Tofu>N</Tofu><WildHarvested>N</WildHarvested><updateTime>3/19/2015 2:08:05 PM</updateTime></farmersMarket>