<?xml version="1.0" encoding="UTF-8"?>
<farmersMarket xmlns="http://marklogic.com/ferret/demodata"><FMID>1000274</FMID><MarketName>Texas Township Farmers' Market</MarketName><Website>http://www.texastownship.org/farmers-market</Website><Facebook>https://www.facebook.com/TexasTownshipFarmersMarket</Facebook><Twitter>https://twitter.com/FreshOnQ</Twitter><Youtube/><OtherMedia/><street>7110 West Q Avenue</street><city>Kalamazoo</city><County>Kalamazoo</County><State>Michigan</State><zip>49009</zip><Season1Date>05/07/2016 to 10/15/2016</Season1Date><Season1Time>Sat: 8:00 AM-12:00 PM;</Season1Time><Season2Date>06/07/2016 to 08/30/2016</Season2Date><Season2Time>Tue: 4:00 PM-7:00 PM;</Season2Time><Season3Date/><Season3Time/><Season4Date/><Season4Time/><x>-85.687999</x><y>42.201092</y><Location/><Credit>Y</Credit><WIC>Y</WIC><WICcash>N</WICcash><SFMNP>Y</SFMNP><SNAP>Y</SNAP><Organic>Y</Organic><Bakedgoods>Y</Bakedgoods><Cheese>Y</Cheese><Crafts>Y</Crafts><Flowers>Y</Flowers><Eggs>Y</Eggs><Seafood>Y</Seafood><Herbs>Y</Herbs><Vegetables>Y</Vegetables><Honey>Y</Honey><Jams>Y</Jams><Maple>Y</Maple><Meat>Y</Meat><Nursery>N</Nursery><Nuts>Y</Nuts><Plants>Y</Plants><Poultry>Y</Poultry><Prepared>Y</Prepared><Soap>Y</Soap><Trees>Y</Trees><Wine>Y</Wine><Coffee>Y</Coffee><Beans>Y</Beans><Fruits>Y</Fruits><Grains>Y</Grains><Juices>N</Juices><Mushrooms>N</Mushrooms><PetFood>Y</PetFood><Tofu>N</Tofu><WildHarvested>N</WildHarvested><updateTime>8/10/2016 8:13:46 AM</updateTime></farmersMarket>