<?xml version="1.0" encoding="UTF-8"?>
<farmersMarket xmlns="http://marklogic.com/ferret/demodata"><FMID>1000235</FMID><MarketName>Oneida County Public Market</MarketName><Website>http://www.oneidacountymarket.com</Website><Facebook>https://www.facebook.com/oneidacountymarket</Facebook><Twitter/><Youtube/><OtherMedia/><street>321 Main Street</street><city>Utica</city><County>Oneida</County><State>New York</State><zip>13501</zip><Season1Date>01/09/2016 to 10/29/2016</Season1Date><Season1Time>Sat: 9:00 AM-1:00 PM;</Season1Time><Season2Date>11/12/2016 to 12/24/2016</Season2Date><Season2Time>Sat: 9:00 AM-1:00 PM;</Season2Time><Season3Date>01/14/2017 to 04/22/2017</Season3Date><Season3Time/><Season4Date/><Season4Time/><x>-75.2238804</x><y>43.1039095</y><Location/><Credit>Y</Credit><WIC>Y</WIC><WICcash>Y</WICcash><SFMNP>Y</SFMNP><SNAP>Y</SNAP><Organic>N</Organic><Bakedgoods>Y</Bakedgoods><Cheese>Y</Cheese><Crafts>Y</Crafts><Flowers>N</Flowers><Eggs>Y</Eggs><Seafood>N</Seafood><Herbs>Y</Herbs><Vegetables>Y</Vegetables><Honey>Y</Honey><Jams>Y</Jams><Maple>Y</Maple><Meat>Y</Meat><Nursery>N</Nursery><Nuts>Y</Nuts><Plants>Y</Plants><Poultry>Y</Poultry><Prepared>Y</Prepared><Soap>Y</Soap><Trees>Y</Trees><Wine>Y</Wine><Coffee>Y</Coffee><Beans>N</Beans><Fruits>Y</Fruits><Grains>Y</Grains><Juices>Y</Juices><Mushrooms>Y</Mushrooms><PetFood>Y</PetFood><Tofu>N</Tofu><WildHarvested>N</WildHarvested><updateTime>6/28/2016 10:58:24 AM</updateTime></farmersMarket>