<?xml version="1.0" encoding="UTF-8"?>
<farmersMarket xmlns="http://marklogic.com/ferret/demodata"><FMID>1000387</FMID><MarketName>Vineyard Farmers Market</MarketName><Website>http://www.VineyardFarmersMarket.com</Website><Facebook>https://www.facebook.com/VineyardFarmersMarket</Facebook><Twitter/><Youtube/><OtherMedia>google.com/+TheVineyardFarmersMarketFresno</OtherMedia><street>100 West Shaw</street><city>Fresno</city><County>Fresno</County><State>California</State><zip>93704</zip><Season1Date>01/01/2014 to 12/01/2014</Season1Date><Season1Time>Wed: 3:00 PM-6:00 PM;Sat: 7:00 AM-12:00 PM;</Season1Time><Season2Date/><Season2Time/><Season3Date/><Season3Time/><Season4Date/><Season4Time/><x>-119.791414</x><y>36.809342</y><Location/><Credit>Y</Credit><WIC>N</WIC><WICcash>N</WICcash><SFMNP>N</SFMNP><SNAP>Y</SNAP><Organic>Y</Organic><Bakedgoods>Y</Bakedgoods><Cheese>Y</Cheese><Crafts>N</Crafts><Flowers>Y</Flowers><Eggs>Y</Eggs><Seafood>N</Seafood><Herbs>Y</Herbs><Vegetables>Y</Vegetables><Honey>Y</Honey><Jams>Y</Jams><Maple>N</Maple><Meat>Y</Meat><Nursery>N</Nursery><Nuts>Y</Nuts><Plants>Y</Plants><Poultry>Y</Poultry><Prepared>Y</Prepared><Soap>Y</Soap><Trees>Y</Trees><Wine>N</Wine><Coffee>Y</Coffee><Beans>Y</Beans><Fruits>Y</Fruits><Grains>N</Grains><Juices>Y</Juices><Mushrooms>Y</Mushrooms><PetFood>N</PetFood><Tofu>N</Tofu><WildHarvested>Y</WildHarvested><updateTime>7/27/2015 7:02:11 PM</updateTime></farmersMarket>