<?xml version="1.0" encoding="UTF-8"?>
<farmersMarket xmlns="http://marklogic.com/ferret/demodata"><FMID>1000064</FMID><MarketName>97th Street Greenmarket</MarketName><Website>http://www.grownyc.org</Website><Facebook>https://www.facebook.com/ManhattanGreenmarkets</Facebook><Twitter/><Youtube/><OtherMedia/><street>W 97 St. &amp; Columbus</street><city>New York</city><County>New York</County><State>New York</State><zip>10025</zip><Season1Date>01/01/2013 to 12/31/2013</Season1Date><Season1Time>Fri: 8:00 AM-2:00 PM;</Season1Time><Season2Date/><Season2Time/><Season3Date/><Season3Time/><Season4Date/><Season4Time/><x>-73.9670120</x><y>40.7935600</y><Location>Other</Location><Credit>Y</Credit><WIC>Y</WIC><WICcash>Y</WICcash><SFMNP>Y</SFMNP><SNAP>Y</SNAP><Organic>N</Organic><Bakedgoods>Y</Bakedgoods><Cheese>Y</Cheese><Crafts>N</Crafts><Flowers>N</Flowers><Eggs>Y</Eggs><Seafood>N</Seafood><Herbs>Y</Herbs><Vegetables>Y</Vegetables><Honey>Y</Honey><Jams>N</Jams><Maple>N</Maple><Meat>Y</Meat><Nursery>N</Nursery><Nuts>N</Nuts><Plants>N</Plants><Poultry>Y</Poultry><Prepared>N</Prepared><Soap>N</Soap><Trees>N</Trees><Wine>N</Wine><Coffee>N</Coffee><Beans>N</Beans><Fruits>Y</Fruits><Grains>N</Grains><Juices>N</Juices><Mushrooms>N</Mushrooms><PetFood>N</PetFood><Tofu>N</Tofu><WildHarvested>N</WildHarvested><updateTime>7/24/2013 10:39:55 AM</updateTime></farmersMarket>