<?xml version="1.0" encoding="UTF-8"?>
<farmersMarket xmlns="http://marklogic.com/ferret/demodata"><FMID>1000008</FMID><MarketName>Montrose Farmers Market</MarketName><Website>http://www.montrosefarmersmarket.com</Website><Facebook>https://www.facebook.com/MontroseFarmersMarket</Facebook><Twitter/><Youtube/><OtherMedia/><street>Main St. and Uncompahgre Ave.</street><city>Montrose</city><County>Montrose</County><State>Colorado</State><zip>81401</zip><Season1Date>05/23/2015 to 11/01/2015</Season1Date><Season1Time>Sat: 8:30 AM-1:00 PM;</Season1Time><Season2Date>05/21/2016 to 10/29/2016</Season2Date><Season2Time>Sat: 8:30 AM-1:00 PM;</Season2Time><Season3Date>11/05/2016 to 04/29/2017</Season3Date><Season3Time>Sat: 10:00 AM-1:00 PM;</Season3Time><Season4Date/><Season4Time/><x>-107.8756668</x><y>38.4802387</y><Location/><Credit>Y</Credit><WIC>N</WIC><WICcash>N</WICcash><SFMNP>N</SFMNP><SNAP>Y</SNAP><Organic>Y</Organic><Bakedgoods>Y</Bakedgoods><Cheese>Y</Cheese><Crafts>Y</Crafts><Flowers>Y</Flowers><Eggs>Y</Eggs><Seafood>N</Seafood><Herbs>Y</Herbs><Vegetables>Y</Vegetables><Honey>Y</Honey><Jams>Y</Jams><Maple>N</Maple><Meat>Y</Meat><Nursery>N</Nursery><Nuts>Y</Nuts><Plants>Y</Plants><Poultry>Y</Poultry><Prepared>Y</Prepared><Soap>Y</Soap><Trees>Y</Trees><Wine>N</Wine><Coffee>Y</Coffee><Beans>Y</Beans><Fruits>Y</Fruits><Grains>N</Grains><Juices>N</Juices><Mushrooms>Y</Mushrooms><PetFood>Y</PetFood><Tofu>N</Tofu><WildHarvested>N</WildHarvested><updateTime>6/27/2016 1:22:54 PM</updateTime></farmersMarket>