<?xml version="1.0" encoding="UTF-8"?>
<farmersMarket xmlns="http://marklogic.com/ferret/demodata"><FMID>1000202</FMID><MarketName>South Sioux Farmers Market</MarketName><Website>http://www.southsiouxfarmersmarket.com</Website><Facebook>https://www.facebook.com/SouthSiouxFarmersMarket</Facebook><Twitter/><Youtube/><OtherMedia/><street>Dakota Ave between 15th and 16th</street><city>South Sioux City</city><County>Dakota</County><State>Nebraska</State><zip>68776</zip><Season1Date>06/02/2013 to 10/27/2013</Season1Date><Season1Time>Sun: 9:00 AM-2:00 PM;</Season1Time><Season2Date/><Season2Time/><Season3Date/><Season3Time/><Season4Date/><Season4Time/><x>-96.413237</x><y>42.475036</y><Location>Local government building grounds</Location><Credit>N</Credit><WIC>Y</WIC><WICcash>N</WICcash><SFMNP>Y</SFMNP><SNAP>N</SNAP><Organic>-</Organic><Bakedgoods>Y</Bakedgoods><Cheese>N</Cheese><Crafts>N</Crafts><Flowers>N</Flowers><Eggs>Y</Eggs><Seafood>N</Seafood><Herbs>Y</Herbs><Vegetables>Y</Vegetables><Honey>Y</Honey><Jams>N</Jams><Maple>N</Maple><Meat>Y</Meat><Nursery>N</Nursery><Nuts>N</Nuts><Plants>Y</Plants><Poultry>Y</Poultry><Prepared>N</Prepared><Soap>N</Soap><Trees>N</Trees><Wine>N</Wine><Coffee>N</Coffee><Beans>N</Beans><Fruits>Y</Fruits><Grains>N</Grains><Juices>N</Juices><Mushrooms>N</Mushrooms><PetFood>N</PetFood><Tofu>N</Tofu><WildHarvested>N</WildHarvested><updateTime>6/26/2013 12:06:14 PM</updateTime></farmersMarket>