<?xml version="1.0" encoding="UTF-8"?>
<farmersMarket xmlns="http://marklogic.com/ferret/demodata"><FMID>1000082</FMID><MarketName>Staten Island Ferry/Whitehall Greenmarket</MarketName><Website>http://www.grownyc.org</Website><Facebook>https://www.facebook.com/ManhattanGreenmarkets</Facebook><Twitter/><Youtube/><OtherMedia/><street>4 South Street (inside terminal)</street><city>New York</city><County>New York</County><State>New York</State><zip>10004</zip><Season1Date>01/01/2013 to 12/31/2013</Season1Date><Season1Time>Tue: 8:00 AM-7:00 PM;Fri: 8:00 AM-7:00 PM;</Season1Time><Season2Date/><Season2Time/><Season3Date/><Season3Time/><Season4Date/><Season4Time/><x>-74.013648</x><y>40.701952</y><Location>Other</Location><Credit>Y</Credit><WIC>Y</WIC><WICcash>Y</WICcash><SFMNP>Y</SFMNP><SNAP>Y</SNAP><Organic>N</Organic><Bakedgoods>Y</Bakedgoods><Cheese>N</Cheese><Crafts>N</Crafts><Flowers>N</Flowers><Eggs>N</Eggs><Seafood>N</Seafood><Herbs>N</Herbs><Vegetables>Y</Vegetables><Honey>Y</Honey><Jams>Y</Jams><Maple>Y</Maple><Meat>Y</Meat><Nursery>N</Nursery><Nuts>N</Nuts><Plants>N</Plants><Poultry>N</Poultry><Prepared>N</Prepared><Soap>N</Soap><Trees>N</Trees><Wine>N</Wine><Coffee>N</Coffee><Beans>N</Beans><Fruits>Y</Fruits><Grains>N</Grains><Juices>N</Juices><Mushrooms>N</Mushrooms><PetFood>N</PetFood><Tofu>N</Tofu><WildHarvested>N</WildHarvested><updateTime>7/23/2013 3:16:44 PM</updateTime></farmersMarket>