<?xml version="1.0" encoding="UTF-8"?>
<farmersMarket xmlns="http://marklogic.com/ferret/demodata"><FMID>1000283</FMID><MarketName>Farmers at the Firehouse</MarketName><Website>http://www.farmersatfirehouse.com</Website><Facebook>https://www.facebook.com/pages/FarmersFirehouse/52397799324</Facebook><Twitter>https://twitter.com/firehousemarket</Twitter><Youtube/><OtherMedia/><street>2216 Penn Ave</street><city>Pittsburgh</city><County>Allegheny</County><State>Pennsylvania</State><zip>15222</zip><Season1Date>05/11/2013 to 11/23/2013</Season1Date><Season1Time>Sat: 9:00 AM-1:00 PM;</Season1Time><Season2Date/><Season2Time/><Season3Date/><Season3Time/><Season4Date/><Season4Time/><x>-79.981949</x><y>40.452393</y><Location>Private business parking lot</Location><Credit>Y</Credit><WIC>Y</WIC><WICcash>N</WICcash><SFMNP>Y</SFMNP><SNAP>Y</SNAP><Organic>Y</Organic><Bakedgoods>Y</Bakedgoods><Cheese>Y</Cheese><Crafts>N</Crafts><Flowers>Y</Flowers><Eggs>Y</Eggs><Seafood>N</Seafood><Herbs>Y</Herbs><Vegetables>Y</Vegetables><Honey>Y</Honey><Jams>Y</Jams><Maple>Y</Maple><Meat>Y</Meat><Nursery>N</Nursery><Nuts>N</Nuts><Plants>Y</Plants><Poultry>Y</Poultry><Prepared>Y</Prepared><Soap>N</Soap><Trees>N</Trees><Wine>N</Wine><Coffee>N</Coffee><Beans>N</Beans><Fruits>Y</Fruits><Grains>N</Grains><Juices>N</Juices><Mushrooms>N</Mushrooms><PetFood>N</PetFood><Tofu>N</Tofu><WildHarvested>N</WildHarvested><updateTime>6/11/2013 2:09:25 PM</updateTime></farmersMarket>