<?xml version="1.0" encoding="UTF-8"?>
<farmersMarket xmlns="http://marklogic.com/ferret/demodata"><FMID>1000094</FMID><MarketName>Staten Island Mall Greenmarket</MarketName><Website>http://www.grownyc.org</Website><Facebook>https://www.facebook.com/StatenIslandGreenmarkets</Facebook><Twitter/><Youtube/><OtherMedia/><street>Richmond Ave Entrance (Parking Lot)</street><city>Staten Island</city><County>Richmond</County><State>New York</State><zip>10314</zip><Season1Date>06/15/2013 to 11/23/2013</Season1Date><Season1Time>Sat: 8:00 AM-3:00 PM;</Season1Time><Season2Date/><Season2Time/><Season3Date/><Season3Time/><Season4Date/><Season4Time/><x>-74.162908</x><y>40.603429</y><Location>Private business parking lot</Location><Credit>Y</Credit><WIC>Y</WIC><WICcash>Y</WICcash><SFMNP>Y</SFMNP><SNAP>Y</SNAP><Organic>N</Organic><Bakedgoods>Y</Bakedgoods><Cheese>N</Cheese><Crafts>N</Crafts><Flowers>N</Flowers><Eggs>N</Eggs><Seafood>N</Seafood><Herbs>N</Herbs><Vegetables>Y</Vegetables><Honey>Y</Honey><Jams>N</Jams><Maple>N</Maple><Meat>N</Meat><Nursery>N</Nursery><Nuts>N</Nuts><Plants>N</Plants><Poultry>N</Poultry><Prepared>N</Prepared><Soap>N</Soap><Trees>N</Trees><Wine>N</Wine><Coffee>N</Coffee><Beans>N</Beans><Fruits>Y</Fruits><Grains>N</Grains><Juices>N</Juices><Mushrooms>N</Mushrooms><PetFood>N</PetFood><Tofu>N</Tofu><WildHarvested>N</WildHarvested><updateTime>7/23/2013 2:47:04 PM</updateTime></farmersMarket>