<?xml version="1.0" encoding="UTF-8"?>
<farmersMarket xmlns="http://marklogic.com/ferret/demodata"><FMID>1000436</FMID><MarketName>Bastrop 1832 Farmers Market</MarketName><Website>http://www.bastrop1832farmersmarket.org</Website><Facebook>https://www.facebook.com/pages/Bastrop-1832-Farmers-Market/118950738119102</Facebook><Twitter>https://twitter.com/bastrop1832</Twitter><Youtube/><OtherMedia>http://www.pinterest.com/dlpr/bastrop-1832-farmers-market/</OtherMedia><street>1302 Chestnut Street</street><city>Bastrop</city><County>Bastrop</County><State>Texas</State><zip>78602</zip><Season1Date>01/01/2016 to 12/31/2016</Season1Date><Season1Time>Sat: 10:00 AM-2:00 PM;</Season1Time><Season2Date/><Season2Time/><Season3Date/><Season3Time/><Season4Date/><Season4Time/><x>-97.312067</x><y>30.110719</y><Location/><Credit>Y</Credit><WIC>N</WIC><WICcash>N</WICcash><SFMNP>N</SFMNP><SNAP>Y</SNAP><Organic>N</Organic><Bakedgoods>Y</Bakedgoods><Cheese>N</Cheese><Crafts>Y</Crafts><Flowers>Y</Flowers><Eggs>Y</Eggs><Seafood>N</Seafood><Herbs>Y</Herbs><Vegetables>Y</Vegetables><Honey>Y</Honey><Jams>Y</Jams><Maple>N</Maple><Meat>Y</Meat><Nursery>N</Nursery><Nuts>Y</Nuts><Plants>Y</Plants><Poultry>N</Poultry><Prepared>Y</Prepared><Soap>Y</Soap><Trees>Y</Trees><Wine>N</Wine><Coffee>Y</Coffee><Beans>N</Beans><Fruits>Y</Fruits><Grains>N</Grains><Juices>Y</Juices><Mushrooms>N</Mushrooms><PetFood>N</PetFood><Tofu>N</Tofu><WildHarvested>N</WildHarvested><updateTime>7/17/2016 5:21:50 PM</updateTime></farmersMarket>