<?xml version="1.0" encoding="UTF-8"?>
<farmersMarket xmlns="http://marklogic.com/ferret/demodata"><FMID>1000193</FMID><MarketName>Shelby County Farmers Market</MarketName><Website>http://www.mainstreetshelbyville.org</Website><Facebook/><Twitter/><Youtube/><OtherMedia/><street>Public Square</street><city>Shelbyville</city><County>Shelby</County><State>Indiana</State><zip>46176</zip><Season1Date>May to October</Season1Date><Season1Time>Wed:4:00 PM - 7:00 PM;Sat:8:00 AM - 12:00 PM;</Season1Time><Season2Date/><Season2Time/><Season3Date/><Season3Time/><Season4Date/><Season4Time/><x>-85.77702</x><y>39.5245</y><Location>Closed-off public street</Location><Credit>N</Credit><WIC>Y</WIC><WICcash>N</WICcash><SFMNP>Y</SFMNP><SNAP>Y</SNAP><Organic>-</Organic><Bakedgoods>Y</Bakedgoods><Cheese>Y</Cheese><Crafts>Y</Crafts><Flowers>Y</Flowers><Eggs>Y</Eggs><Seafood>N</Seafood><Herbs>Y</Herbs><Vegetables>Y</Vegetables><Honey>Y</Honey><Jams>Y</Jams><Maple>Y</Maple><Meat>Y</Meat><Nursery>Y</Nursery><Nuts>Y</Nuts><Plants>Y</Plants><Poultry>Y</Poultry><Prepared>N</Prepared><Soap>Y</Soap><Trees>Y</Trees><Wine>N</Wine><Coffee>N</Coffee><Beans>N</Beans><Fruits>N</Fruits><Grains>N</Grains><Juices>N</Juices><Mushrooms>N</Mushrooms><PetFood>N</PetFood><Tofu>N</Tofu><WildHarvested>N</WildHarvested><updateTime>5/2/2012 8:23:54 AM</updateTime></farmersMarket>