<?xml version="1.0" encoding="UTF-8"?>
<farmersMarket xmlns="http://marklogic.com/ferret/demodata"><FMID>1000123</FMID><MarketName>St. Olaf Community Campus Farmers Market</MarketName><Website>http://www.iatp.org/minimarkets</Website><Facebook/><Twitter/><Youtube/><OtherMedia/><street>2901 Emerson Ave S</street><city>Minneapolis</city><County>Hennepin</County><State>Minnesota</State><zip>55411</zip><Season1Date>July to September</Season1Date><Season1Time>Wed:4:00 PM - 7:00 PM;</Season1Time><Season2Date/><Season2Time/><Season3Date/><Season3Time/><Season4Date/><Season4Time/><x>-93.294718</x><y>44.950616</y><Location>Faith-based institution (e.g., church, mosque, synagogue, temple)</Location><Credit>N</Credit><WIC>Y</WIC><WICcash>N</WICcash><SFMNP>Y</SFMNP><SNAP>Y</SNAP><Organic>-</Organic><Bakedgoods>N</Bakedgoods><Cheese>N</Cheese><Crafts>N</Crafts><Flowers>N</Flowers><Eggs>N</Eggs><Seafood>N</Seafood><Herbs>N</Herbs><Vegetables>Y</Vegetables><Honey>N</Honey><Jams>N</Jams><Maple>N</Maple><Meat>N</Meat><Nursery>N</Nursery><Nuts>N</Nuts><Plants>N</Plants><Poultry>N</Poultry><Prepared>N</Prepared><Soap>N</Soap><Trees>N</Trees><Wine>N</Wine><Coffee>N</Coffee><Beans>N</Beans><Fruits>N</Fruits><Grains>N</Grains><Juices>N</Juices><Mushrooms>N</Mushrooms><PetFood>N</PetFood><Tofu>N</Tofu><WildHarvested>N</WildHarvested><updateTime>5/11/2012 3:03:18 PM</updateTime></farmersMarket>