<?xml version="1.0" encoding="UTF-8"?>
<farmersMarket xmlns="http://marklogic.com/ferret/demodata"><FMID>1000247</FMID><MarketName>Chenango County Farmers Market</MarketName><Website/><Facebook/><Twitter/><Youtube/><OtherMedia/><street>East Side  Park</street><city>Norwich</city><County>Chenango</County><State>New York</State><zip>13815</zip><Season1Date/><Season1Time/><Season2Date/><Season2Time/><Season3Date/><Season3Time/><Season4Date/><Season4Time/><x>-75.52275</x><y>42.53154</y><Location/><Credit>N</Credit><WIC>Y</WIC><WICcash>N</WICcash><SFMNP>N</SFMNP><SNAP>N</SNAP><Organic>Y</Organic><Bakedgoods>Y</Bakedgoods><Cheese>N</Cheese><Crafts>Y</Crafts><Flowers>Y</Flowers><Eggs>Y</Eggs><Seafood>N</Seafood><Herbs>Y</Herbs><Vegetables>Y</Vegetables><Honey>Y</Honey><Jams>Y</Jams><Maple>Y</Maple><Meat>Y</Meat><Nursery>Y</Nursery><Nuts>N</Nuts><Plants>Y</Plants><Poultry>N</Poultry><Prepared>N</Prepared><Soap>Y</Soap><Trees>N</Trees><Wine>N</Wine><Coffee>N</Coffee><Beans>N</Beans><Fruits>N</Fruits><Grains>N</Grains><Juices>N</Juices><Mushrooms>N</Mushrooms><PetFood>N</PetFood><Tofu>N</Tofu><WildHarvested>N</WildHarvested><updateTime>7/17/2013 3:13:18 PM</updateTime></farmersMarket>