<?xml version="1.0" encoding="UTF-8"?>
<farmersMarket xmlns="http://marklogic.com/ferret/demodata"><FMID>1000232</FMID><MarketName>Downtown Sparta Farmers Market</MarketName><Website>http://www.spartachamber.com</Website><Facebook/><Twitter/><Youtube/><OtherMedia/><street>72 N. Union</street><city>Sparta</city><County>Kent</County><State>Michigan</State><zip>49345</zip><Season1Date>June to September</Season1Date><Season1Time>Wed:2:00 pm - 6:00 pm;</Season1Time><Season2Date/><Season2Time/><Season3Date/><Season3Time/><Season4Date/><Season4Time/><x>-85.7072</x><y>43.1624</y><Location>Private business parking lot</Location><Credit>N</Credit><WIC>N</WIC><WICcash>N</WICcash><SFMNP>N</SFMNP><SNAP>N</SNAP><Organic>-</Organic><Bakedgoods>Y</Bakedgoods><Cheese>N</Cheese><Crafts>Y</Crafts><Flowers>N</Flowers><Eggs>N</Eggs><Seafood>N</Seafood><Herbs>N</Herbs><Vegetables>Y</Vegetables><Honey>N</Honey><Jams>Y</Jams><Maple>N</Maple><Meat>Y</Meat><Nursery>N</Nursery><Nuts>N</Nuts><Plants>Y</Plants><Poultry>N</Poultry><Prepared>N</Prepared><Soap>N</Soap><Trees>N</Trees><Wine>N</Wine><Coffee>N</Coffee><Beans>N</Beans><Fruits>N</Fruits><Grains>N</Grains><Juices>N</Juices><Mushrooms>N</Mushrooms><PetFood>N</PetFood><Tofu>N</Tofu><WildHarvested>N</WildHarvested><updateTime>4/19/2011 2:16:10 PM</updateTime></farmersMarket>