<?xml version="1.0" encoding="UTF-8"?>
<farmersMarket xmlns="http://marklogic.com/ferret/demodata"><FMID>1000016</FMID><MarketName>Texarkana, Texas Farmers' Market</MarketName><Website>http://www.localharvest.org/texarkana-texas-farmers-market-M38382</Website><Facebook/><Twitter/><Youtube/><OtherMedia/><street>305 Texas Boulevard</street><city>Texarkana</city><County>Bowie</County><State>Texas</State><zip>75501</zip><Season1Date>May to October</Season1Date><Season1Time>Tue:7:00 AM - 1:00 PM;Thu:7:00 AM - 1:00 PM;Sat:7:00 AM - 1:00 PM;</Season1Time><Season2Date/><Season2Time/><Season3Date/><Season3Time/><Season4Date/><Season4Time/><x>-94.045817</x><y>33.421527</y><Location>Other</Location><Credit>Y</Credit><WIC>N</WIC><WICcash>N</WICcash><SFMNP>N</SFMNP><SNAP>Y</SNAP><Organic>-</Organic><Bakedgoods>Y</Bakedgoods><Cheese>Y</Cheese><Crafts>Y</Crafts><Flowers>Y</Flowers><Eggs>Y</Eggs><Seafood>N</Seafood><Herbs>Y</Herbs><Vegetables>Y</Vegetables><Honey>Y</Honey><Jams>Y</Jams><Maple>N</Maple><Meat>Y</Meat><Nursery>Y</Nursery><Nuts>Y</Nuts><Plants>Y</Plants><Poultry>N</Poultry><Prepared>N</Prepared><Soap>Y</Soap><Trees>N</Trees><Wine>N</Wine><Coffee>N</Coffee><Beans>N</Beans><Fruits>N</Fruits><Grains>N</Grains><Juices>N</Juices><Mushrooms>N</Mushrooms><PetFood>N</PetFood><Tofu>N</Tofu><WildHarvested>N</WildHarvested><updateTime>5/2/2012 2:45:38 PM</updateTime></farmersMarket>