<?xml version="1.0" encoding="UTF-8"?>
<farmersMarket xmlns="http://marklogic.com/ferret/demodata"><FMID>1000292</FMID><MarketName>Newark Valley Farmers Market</MarketName><Website/><Facebook>https://www.facebook.com/newarkvalleyfarmersmarket</Facebook><Twitter/><Youtube/><OtherMedia/><street>Route 38</street><city>Newark Valley</city><County>Tioga</County><State>New York</State><zip>13811</zip><Season1Date>05/19/2013 to 10/27/2013</Season1Date><Season1Time>Sun: 12:00 PM-4:00 PM;</Season1Time><Season2Date/><Season2Time/><Season3Date/><Season3Time/><Season4Date/><Season4Time/><x>-76.183963</x><y>42.223179</y><Location>Local government building grounds</Location><Credit>Y</Credit><WIC>Y</WIC><WICcash>N</WICcash><SFMNP>Y</SFMNP><SNAP>Y</SNAP><Organic>N</Organic><Bakedgoods>Y</Bakedgoods><Cheese>N</Cheese><Crafts>N</Crafts><Flowers>N</Flowers><Eggs>Y</Eggs><Seafood>N</Seafood><Herbs>Y</Herbs><Vegetables>Y</Vegetables><Honey>Y</Honey><Jams>Y</Jams><Maple>Y</Maple><Meat>N</Meat><Nursery>N</Nursery><Nuts>N</Nuts><Plants>Y</Plants><Poultry>Y</Poultry><Prepared>N</Prepared><Soap>Y</Soap><Trees>Y</Trees><Wine>N</Wine><Coffee>N</Coffee><Beans>N</Beans><Fruits>Y</Fruits><Grains>N</Grains><Juices>N</Juices><Mushrooms>N</Mushrooms><PetFood>N</PetFood><Tofu>N</Tofu><WildHarvested>N</WildHarvested><updateTime>6/26/2013 12:39:44 PM</updateTime></farmersMarket>