<?xml version="1.0" encoding="UTF-8"?>
<farmersMarket xmlns="http://marklogic.com/ferret/demodata"><FMID>1000629</FMID><MarketName>Plain City Farmers Market</MarketName><Website>http://uptownplaincity.com/</Website><Facebook>https://www.facebook.com/plaincityfarmersmarket</Facebook><Twitter/><Youtube/><OtherMedia/><street>South Chillicothe St. and Main St.</street><city>Plain City</city><County>Madison</County><State>Ohio</State><zip>43064</zip><Season1Date>07/04/2015 to 10/08/2015</Season1Date><Season1Time>Thu: 4:30 PM-7:00 PM;</Season1Time><Season2Date/><Season2Time/><Season3Date/><Season3Time/><Season4Date/><Season4Time/><x>-83.26707</x><y>40.10798</y><Location/><Credit>Y</Credit><WIC>N</WIC><WICcash>N</WICcash><SFMNP>N</SFMNP><SNAP>N</SNAP><Organic>-</Organic><Bakedgoods>N</Bakedgoods><Cheese>N</Cheese><Crafts>N</Crafts><Flowers>N</Flowers><Eggs>N</Eggs><Seafood>N</Seafood><Herbs>N</Herbs><Vegetables>N</Vegetables><Honey>N</Honey><Jams>N</Jams><Maple>N</Maple><Meat>N</Meat><Nursery>N</Nursery><Nuts>N</Nuts><Plants>N</Plants><Poultry>N</Poultry><Prepared>N</Prepared><Soap>N</Soap><Trees>N</Trees><Wine>N</Wine><Coffee>N</Coffee><Beans>N</Beans><Fruits>N</Fruits><Grains>N</Grains><Juices>N</Juices><Mushrooms>N</Mushrooms><PetFood>N</PetFood><Tofu>N</Tofu><WildHarvested>N</WildHarvested><updateTime>4/14/2015 12:10:05 PM</updateTime></farmersMarket>