<?xml version="1.0" encoding="UTF-8"?>
<farmersMarket xmlns="http://marklogic.com/ferret/demodata"><FMID>1000255</FMID><MarketName>West Chester Growers Market</MarketName><Website>http://www.westchestergrowersmarket.com</Website><Facebook>https://www.facebook.com/WestChesterGrowersMarket</Facebook><Twitter>https://twitter.com/wcgrowersmarket</Twitter><Youtube/><OtherMedia>instagram : WCGrowersMarket</OtherMedia><street>Church &amp; Chestnut Streets</street><city>West Chester</city><County>Chester</County><State>Pennsylvania</State><zip>19380</zip><Season1Date>05/04/2013 to 11/30/2013</Season1Date><Season1Time>Sat: 9:00 AM-1:00 PM;</Season1Time><Season2Date>12/07/2013 to 04/26/2014</Season2Date><Season2Time>Sat: 10:00 AM-12:00 PM;</Season2Time><Season3Date/><Season3Time/><Season4Date/><Season4Time/><x>-75.6071924</x><y>39.9609217</y><Location/><Credit>Y</Credit><WIC>N</WIC><WICcash>N</WICcash><SFMNP>N</SFMNP><SNAP>Y</SNAP><Organic>-</Organic><Bakedgoods>Y</Bakedgoods><Cheese>Y</Cheese><Crafts>N</Crafts><Flowers>Y</Flowers><Eggs>Y</Eggs><Seafood>N</Seafood><Herbs>Y</Herbs><Vegetables>Y</Vegetables><Honey>Y</Honey><Jams>Y</Jams><Maple>Y</Maple><Meat>Y</Meat><Nursery>N</Nursery><Nuts>N</Nuts><Plants>Y</Plants><Poultry>Y</Poultry><Prepared>N</Prepared><Soap>Y</Soap><Trees>Y</Trees><Wine>Y</Wine><Coffee>Y</Coffee><Beans>N</Beans><Fruits>Y</Fruits><Grains>N</Grains><Juices>N</Juices><Mushrooms>Y</Mushrooms><PetFood>N</PetFood><Tofu>N</Tofu><WildHarvested>N</WildHarvested><updateTime>7/27/2015 2:01:05 PM</updateTime></farmersMarket>