<?xml version="1.0" encoding="UTF-8"?>
<farmersMarket xmlns="http://marklogic.com/ferret/demodata"><FMID>1000298</FMID><MarketName>New Hope Community Farmers Market</MarketName><Website>http://www.newhopemarket.org</Website><Facebook>https://www.facebook.com/newhopefarmersmarket</Facebook><Twitter/><Youtube/><OtherMedia/><street>4300 Xylon Avenue N</street><city>New Hope</city><County>Hennepin</County><State>Minnesota</State><zip>55428</zip><Season1Date>06/21/2014 to 10/04/2014</Season1Date><Season1Time>Sat: 8:00 AM-1:00 PM;</Season1Time><Season2Date>09/01/2012 to 10/31/2012</Season2Date><Season2Time/><Season3Date/><Season3Time/><Season4Date/><Season4Time/><x>-93.38403</x><y>45.03428</y><Location>Local government building grounds</Location><Credit>Y</Credit><WIC>Y</WIC><WICcash>Y</WICcash><SFMNP>Y</SFMNP><SNAP>N</SNAP><Organic>-</Organic><Bakedgoods>Y</Bakedgoods><Cheese>N</Cheese><Crafts>Y</Crafts><Flowers>Y</Flowers><Eggs>Y</Eggs><Seafood>N</Seafood><Herbs>Y</Herbs><Vegetables>Y</Vegetables><Honey>N</Honey><Jams>Y</Jams><Maple>N</Maple><Meat>N</Meat><Nursery>N</Nursery><Nuts>N</Nuts><Plants>Y</Plants><Poultry>Y</Poultry><Prepared>Y</Prepared><Soap>Y</Soap><Trees>N</Trees><Wine>N</Wine><Coffee>N</Coffee><Beans>N</Beans><Fruits>Y</Fruits><Grains>Y</Grains><Juices>N</Juices><Mushrooms>N</Mushrooms><PetFood>N</PetFood><Tofu>N</Tofu><WildHarvested>N</WildHarvested><updateTime>3/31/2014 7:56:11 PM</updateTime></farmersMarket>