<?xml version="1.0" encoding="UTF-8"?>
<farmersMarket xmlns="http://marklogic.com/ferret/demodata"><FMID>1000521</FMID><MarketName>Seaside Farmers Market</MarketName><Website>http://www.seasidefarmersmarket.wordpress.com/</Website><Facebook>https://www.facebook.com/seasidefarmersmarket</Facebook><Twitter/><Youtube/><OtherMedia/><street>2255 East County Highway 30 A</street><city>Seaside</city><County>Walton</County><State>Florida</State><zip>32459</zip><Season1Date>01/01/2014 to 12/31/2014</Season1Date><Season1Time>Sat: 8:00 AM-12:00 PM;</Season1Time><Season2Date>09/01/2012 to 03/31/2012</Season2Date><Season2Time/><Season3Date/><Season3Time/><Season4Date/><Season4Time/><x>-86.137791</x><y>30.319989</y><Location>Other</Location><Credit>Y</Credit><WIC>N</WIC><WICcash>N</WICcash><SFMNP>N</SFMNP><SNAP>N</SNAP><Organic>Y</Organic><Bakedgoods>Y</Bakedgoods><Cheese>Y</Cheese><Crafts>N</Crafts><Flowers>Y</Flowers><Eggs>Y</Eggs><Seafood>N</Seafood><Herbs>Y</Herbs><Vegetables>Y</Vegetables><Honey>Y</Honey><Jams>Y</Jams><Maple>N</Maple><Meat>Y</Meat><Nursery>N</Nursery><Nuts>Y</Nuts><Plants>Y</Plants><Poultry>Y</Poultry><Prepared>Y</Prepared><Soap>Y</Soap><Trees>Y</Trees><Wine>N</Wine><Coffee>Y</Coffee><Beans>N</Beans><Fruits>Y</Fruits><Grains>Y</Grains><Juices>Y</Juices><Mushrooms>Y</Mushrooms><PetFood>Y</PetFood><Tofu>N</Tofu><WildHarvested>Y</WildHarvested><updateTime>5/18/2014 11:42:14 AM</updateTime></farmersMarket>