<?xml version="1.0" encoding="UTF-8"?>
<farmersMarket xmlns="http://marklogic.com/ferret/demodata"><FMID>1000055</FMID><MarketName>New Canaan Farmers Market</MarketName><Website>http://www.newcanaanfarmersmarket.net</Website><Facebook>https://www.facebook.com/NewCanaanFarmersMarket</Facebook><Twitter/><Youtube/><OtherMedia/><street>Old Center School parking lot, Maple Street</street><city>New Canaan</city><County>Fairfield</County><State>Connecticut</State><zip>06840</zip><Season1Date>05/17/2014 to 11/22/2014</Season1Date><Season1Time>Sun: 10:00 AM-2:00 PM;</Season1Time><Season2Date/><Season2Time/><Season3Date/><Season3Time/><Season4Date/><Season4Time/><x>-73.492033</x><y>41.144455</y><Location>Other</Location><Credit>Y</Credit><WIC>Y</WIC><WICcash>N</WICcash><SFMNP>Y</SFMNP><SNAP>N</SNAP><Organic>Y</Organic><Bakedgoods>Y</Bakedgoods><Cheese>Y</Cheese><Crafts>Y</Crafts><Flowers>Y</Flowers><Eggs>Y</Eggs><Seafood>N</Seafood><Herbs>Y</Herbs><Vegetables>Y</Vegetables><Honey>Y</Honey><Jams>Y</Jams><Maple>Y</Maple><Meat>Y</Meat><Nursery>N</Nursery><Nuts>N</Nuts><Plants>Y</Plants><Poultry>Y</Poultry><Prepared>Y</Prepared><Soap>Y</Soap><Trees>Y</Trees><Wine>N</Wine><Coffee>Y</Coffee><Beans>N</Beans><Fruits>Y</Fruits><Grains>N</Grains><Juices>Y</Juices><Mushrooms>N</Mushrooms><PetFood>Y</PetFood><Tofu>N</Tofu><WildHarvested>N</WildHarvested><updateTime>3/16/2014 10:29:48 PM</updateTime></farmersMarket>