<?xml version="1.0" encoding="UTF-8"?>
<farmersMarket xmlns="http://marklogic.com/ferret/demodata"><FMID>1000499</FMID><MarketName>Home Grown Farm Market</MarketName><Website>http://www.homegrownfarmmarket.webs.com</Website><Facebook/><Twitter/><Youtube/><OtherMedia/><street>21078 Three Notch Road</street><city>Lexington Park</city><County>St. Mary's</County><State>Maryland</State><zip>20653</zip><Season1Date>03/23/2013 to 12/28/2013</Season1Date><Season1Time>Sat: 9:00 AM-1:00 PM;</Season1Time><Season2Date/><Season2Time/><Season3Date/><Season3Time/><Season4Date/><Season4Time/><x>-76.4220280</x><y>38.2466343</y><Location>Local government building grounds</Location><Credit>Y</Credit><WIC>Y</WIC><WICcash>N</WICcash><SFMNP>Y</SFMNP><SNAP>Y</SNAP><Organic>Y</Organic><Bakedgoods>Y</Bakedgoods><Cheese>Y</Cheese><Crafts>Y</Crafts><Flowers>Y</Flowers><Eggs>Y</Eggs><Seafood>N</Seafood><Herbs>Y</Herbs><Vegetables>Y</Vegetables><Honey>Y</Honey><Jams>Y</Jams><Maple>N</Maple><Meat>Y</Meat><Nursery>N</Nursery><Nuts>N</Nuts><Plants>Y</Plants><Poultry>N</Poultry><Prepared>Y</Prepared><Soap>Y</Soap><Trees>Y</Trees><Wine>Y</Wine><Coffee>N</Coffee><Beans>N</Beans><Fruits>N</Fruits><Grains>N</Grains><Juices>N</Juices><Mushrooms>N</Mushrooms><PetFood>N</PetFood><Tofu>N</Tofu><WildHarvested>N</WildHarvested><updateTime>6/13/2013 9:30:07 AM</updateTime></farmersMarket>