<?xml version="1.0" encoding="UTF-8"?>
<farmersMarket xmlns="http://marklogic.com/ferret/demodata"><FMID>1000647</FMID><MarketName>Montrose Riverfront, Inc. Farmers Market</MarketName><Website/><Facebook/><Twitter/><Youtube/><OtherMedia/><street>201 N First Street</street><city>Montrose</city><County>Lee</County><State>Iowa</State><zip>52639</zip><Season1Date>May to September</Season1Date><Season1Time>Tue:4:00 pm - 6:00 pm;</Season1Time><Season2Date/><Season2Time/><Season3Date/><Season3Time/><Season4Date/><Season4Time/><x>-91.4159</x><y>40.534</y><Location>Private business parking lot</Location><Credit>N</Credit><WIC>Y</WIC><WICcash>Y</WICcash><SFMNP>Y</SFMNP><SNAP>N</SNAP><Organic>-</Organic><Bakedgoods>Y</Bakedgoods><Cheese>N</Cheese><Crafts>N</Crafts><Flowers>Y</Flowers><Eggs>N</Eggs><Seafood>N</Seafood><Herbs>Y</Herbs><Vegetables>Y</Vegetables><Honey>Y</Honey><Jams>Y</Jams><Maple>N</Maple><Meat>N</Meat><Nursery>N</Nursery><Nuts>N</Nuts><Plants>Y</Plants><Poultry>N</Poultry><Prepared>N</Prepared><Soap>N</Soap><Trees>N</Trees><Wine>N</Wine><Coffee>N</Coffee><Beans>N</Beans><Fruits>N</Fruits><Grains>N</Grains><Juices>N</Juices><Mushrooms>N</Mushrooms><PetFood>N</PetFood><Tofu>N</Tofu><WildHarvested>N</WildHarvested><updateTime>4/15/2011 7:13:46 PM</updateTime></farmersMarket>