<?xml version="1.0" encoding="UTF-8"?>
<farmersMarket xmlns="http://marklogic.com/ferret/demodata"><FMID>1000685</FMID><MarketName>Apple Country Farmers Market</MarketName><Website>http://www.applecountryorchards.com</Website><Facebook/><Twitter/><Youtube/><OtherMedia/><street>12206 E. Hwy 62</street><city>Idalou</city><County>Lubbock</County><State>Texas</State><zip>79329</zip><Season1Date>January to December</Season1Date><Season1Time>Mon:9:00 AM - 6:00 PM;Tue:9:00 AM - 6:00 PM;Wed:9:00 AM - 6:00 PM;Thu:9:00 AM - 6:00 PM;Fri:9:00 AM - 6:00 PM;Sat:9:00 AM - 6:00 PM;sun:9:00 AM - 4:00 PM;</Season1Time><Season2Date/><Season2Time/><Season3Date/><Season3Time/><Season4Date/><Season4Time/><x>-101.611862</x><y>33.666336</y><Location>On a farm from: a barn, a greenhouse, a tent, a stand, etc</Location><Credit>Y</Credit><WIC>N</WIC><WICcash>Y</WICcash><SFMNP>N</SFMNP><SNAP>Y</SNAP><Organic>N</Organic><Bakedgoods>Y</Bakedgoods><Cheese>N</Cheese><Crafts>N</Crafts><Flowers>N</Flowers><Eggs>N</Eggs><Seafood>N</Seafood><Herbs>Y</Herbs><Vegetables>Y</Vegetables><Honey>Y</Honey><Jams>Y</Jams><Maple>N</Maple><Meat>N</Meat><Nursery>N</Nursery><Nuts>N</Nuts><Plants>N</Plants><Poultry>N</Poultry><Prepared>N</Prepared><Soap>N</Soap><Trees>N</Trees><Wine>N</Wine><Coffee>N</Coffee><Beans>N</Beans><Fruits>N</Fruits><Grains>N</Grains><Juices>N</Juices><Mushrooms>N</Mushrooms><PetFood>N</PetFood><Tofu>N</Tofu><WildHarvested>N</WildHarvested><updateTime>5/25/2012 8:45:46 PM</updateTime></farmersMarket>