<?xml version="1.0" encoding="UTF-8"?>
<farmersMarket xmlns="http://marklogic.com/ferret/demodata"><FMID>1000113</FMID><MarketName>Tuscaloosa  County Truck Growers Association</MarketName><Website>http://www.tuscaloosafarmersmarket.com</Website><Facebook/><Twitter/><Youtube/><OtherMedia/><street>4150 5th Street</street><city>Northport</city><County>Tuscaloosa</County><State>Alabama</State><zip>35476</zip><Season1Date>May to December</Season1Date><Season1Time>Tue:6:00 AM - 12:00 PM;Sat:6:00 AM - 12:00 PM;</Season1Time><Season2Date>April to April</Season2Date><Season2Time>Sat:6:00 AM - 12:00 PM;</Season2Time><Season3Date/><Season3Time/><Season4Date/><Season4Time/><x>-87.591044</x><y>33.219446</y><Location>Other</Location><Credit>N</Credit><WIC>N</WIC><WICcash>N</WICcash><SFMNP>Y</SFMNP><SNAP>N</SNAP><Organic>-</Organic><Bakedgoods>Y</Bakedgoods><Cheese>N</Cheese><Crafts>N</Crafts><Flowers>Y</Flowers><Eggs>Y</Eggs><Seafood>N</Seafood><Herbs>Y</Herbs><Vegetables>Y</Vegetables><Honey>Y</Honey><Jams>Y</Jams><Maple>N</Maple><Meat>Y</Meat><Nursery>Y</Nursery><Nuts>Y</Nuts><Plants>Y</Plants><Poultry>N</Poultry><Prepared>N</Prepared><Soap>Y</Soap><Trees>Y</Trees><Wine>N</Wine><Coffee>N</Coffee><Beans>N</Beans><Fruits>N</Fruits><Grains>N</Grains><Juices>N</Juices><Mushrooms>N</Mushrooms><PetFood>N</PetFood><Tofu>N</Tofu><WildHarvested>N</WildHarvested><updateTime>4/27/2012 6:26:17 PM</updateTime></farmersMarket>