<?xml version="1.0" encoding="UTF-8"?>
<farmersMarket xmlns="http://marklogic.com/ferret/demodata"><FMID>1000307</FMID><MarketName>Laramie Local Community Market</MarketName><Website>http://www.laramieloco.org</Website><Facebook>https://www.facebook.com/laramielocomarket</Facebook><Twitter/><Youtube/><OtherMedia/><street>7th and Ord</street><city>Laramie</city><County>Albany</County><State>Wyoming</State><zip>82070</zip><Season1Date>06/19/2014 to 08/28/2014</Season1Date><Season1Time>Thu: 3:00 PM-7:00 PM;</Season1Time><Season2Date>09/04/2014 to 09/18/2014</Season2Date><Season2Time>Thu: 3:00 PM-6:00 PM;</Season2Time><Season3Date/><Season3Time/><Season4Date/><Season4Time/><x>-105.5890518</x><y>41.3041486</y><Location>Other</Location><Credit>Y</Credit><WIC>N</WIC><WICcash>N</WICcash><SFMNP>N</SFMNP><SNAP>N</SNAP><Organic>-</Organic><Bakedgoods>Y</Bakedgoods><Cheese>Y</Cheese><Crafts>Y</Crafts><Flowers>Y</Flowers><Eggs>Y</Eggs><Seafood>Y</Seafood><Herbs>Y</Herbs><Vegetables>Y</Vegetables><Honey>Y</Honey><Jams>Y</Jams><Maple>N</Maple><Meat>Y</Meat><Nursery>N</Nursery><Nuts>N</Nuts><Plants>Y</Plants><Poultry>Y</Poultry><Prepared>Y</Prepared><Soap>Y</Soap><Trees>N</Trees><Wine>N</Wine><Coffee>Y</Coffee><Beans>N</Beans><Fruits>Y</Fruits><Grains>N</Grains><Juices>Y</Juices><Mushrooms>N</Mushrooms><PetFood>N</PetFood><Tofu>N</Tofu><WildHarvested>N</WildHarvested><updateTime>4/1/2014 12:33:24 PM</updateTime></farmersMarket>