<?xml version="1.0" encoding="UTF-8"?>
<farmersMarket xmlns="http://marklogic.com/ferret/demodata"><FMID>1000048</FMID><MarketName>Fitzgerald Farmers Market</MarketName><Website>http://www.fitzgeraldga.org</Website><Facebook/><Twitter/><Youtube/><OtherMedia/><street>227 East Pine Street</street><city>Fitzgerald</city><County>Ben Hill</County><State>Georgia</State><zip>31750</zip><Season1Date>January to December</Season1Date><Season1Time>Mon:10:00 AM - 4:00 PM;Tue:10:00 AM - 4:00 PM;Wed:10:00 AM - 4:00 PM;Thu:10:00 AM - 4:00 PM;Fri:10:00 AM - 4:00 PM;Sat:10:00 AM - 4:00 PM;</Season1Time><Season2Date/><Season2Time/><Season3Date/><Season3Time/><Season4Date/><Season4Time/><x>-83.2518458</x><y>31.7136472</y><Location>Local government building grounds</Location><Credit>N</Credit><WIC>N</WIC><WICcash>N</WICcash><SFMNP>N</SFMNP><SNAP>N</SNAP><Organic>N</Organic><Bakedgoods>N</Bakedgoods><Cheese>N</Cheese><Crafts>N</Crafts><Flowers>N</Flowers><Eggs>N</Eggs><Seafood>N</Seafood><Herbs>N</Herbs><Vegetables>Y</Vegetables><Honey>N</Honey><Jams>Y</Jams><Maple>N</Maple><Meat>N</Meat><Nursery>N</Nursery><Nuts>N</Nuts><Plants>N</Plants><Poultry>N</Poultry><Prepared>N</Prepared><Soap>N</Soap><Trees>N</Trees><Wine>N</Wine><Coffee>N</Coffee><Beans>N</Beans><Fruits>N</Fruits><Grains>N</Grains><Juices>N</Juices><Mushrooms>N</Mushrooms><PetFood>N</PetFood><Tofu>N</Tofu><WildHarvested>N</WildHarvested><updateTime>6/4/2012 2:16:06 PM</updateTime></farmersMarket>