<?xml version="1.0" encoding="UTF-8"?>
<farmersMarket xmlns="http://marklogic.com/ferret/demodata"><FMID>1000159</FMID><MarketName>Hartford's North End Farmers' Market</MarketName><Website>http://www.hartfordfood.org/programs/northend-farmers-market/</Website><Facebook>https://www.facebook.com/HartfordFoodSystem?ref=hl</Facebook><Twitter/><Youtube/><OtherMedia/><street>80 Coventry St</street><city>Hartford</city><County>Hartford</County><State>Connecticut</State><zip>06112</zip><Season1Date>06/26/2013 to 10/30/2013</Season1Date><Season1Time>Wed: 10:00 AM-1:00 PM;</Season1Time><Season2Date/><Season2Time/><Season3Date/><Season3Time/><Season4Date/><Season4Time/><x>-72.6900286</x><y>41.7990490</y><Location>Other</Location><Credit>Y</Credit><WIC>Y</WIC><WICcash>Y</WICcash><SFMNP>Y</SFMNP><SNAP>Y</SNAP><Organic>N</Organic><Bakedgoods>N</Bakedgoods><Cheese>Y</Cheese><Crafts>N</Crafts><Flowers>N</Flowers><Eggs>Y</Eggs><Seafood>N</Seafood><Herbs>Y</Herbs><Vegetables>Y</Vegetables><Honey>Y</Honey><Jams>Y</Jams><Maple>N</Maple><Meat>N</Meat><Nursery>N</Nursery><Nuts>N</Nuts><Plants>N</Plants><Poultry>N</Poultry><Prepared>N</Prepared><Soap>Y</Soap><Trees>N</Trees><Wine>N</Wine><Coffee>N</Coffee><Beans>N</Beans><Fruits>Y</Fruits><Grains>N</Grains><Juices>N</Juices><Mushrooms>N</Mushrooms><PetFood>N</PetFood><Tofu>N</Tofu><WildHarvested>N</WildHarvested><updateTime>5/12/2014 2:14:25 PM</updateTime></farmersMarket>