<?xml version="1.0" encoding="UTF-8"?>
<farmersMarket xmlns="http://marklogic.com/ferret/demodata"><FMID>1000237</FMID><MarketName>Vantage Point Farmers Market</MarketName><Website>http://www.porthuronmarket.com/Main/Home.aspx</Website><Facebook>http://www.facebook.com/pages/Vantage-Point-Farmers-Market/147816461982?ref=hl</Facebook><Twitter/><Youtube/><OtherMedia/><street>51 Water Street</street><city>Port Huron</city><County>St. Clair</County><State>Michigan</State><zip>48060</zip><Season1Date>05/09/2015 to 10/31/2015</Season1Date><Season1Time>Tue: 8:00 AM-2:00 PM;Sat: 8:00 AM-2:00 PM;</Season1Time><Season2Date/><Season2Time/><Season3Date/><Season3Time/><Season4Date/><Season4Time/><x>-82.419763</x><y>42.971745</y><Location/><Credit>Y</Credit><WIC>Y</WIC><WICcash>N</WICcash><SFMNP>Y</SFMNP><SNAP>Y</SNAP><Organic>-</Organic><Bakedgoods>Y</Bakedgoods><Cheese>N</Cheese><Crafts>Y</Crafts><Flowers>Y</Flowers><Eggs>Y</Eggs><Seafood>N</Seafood><Herbs>Y</Herbs><Vegetables>Y</Vegetables><Honey>Y</Honey><Jams>Y</Jams><Maple>Y</Maple><Meat>Y</Meat><Nursery>N</Nursery><Nuts>N</Nuts><Plants>Y</Plants><Poultry>Y</Poultry><Prepared>Y</Prepared><Soap>Y</Soap><Trees>Y</Trees><Wine>Y</Wine><Coffee>N</Coffee><Beans>Y</Beans><Fruits>Y</Fruits><Grains>N</Grains><Juices>Y</Juices><Mushrooms>Y</Mushrooms><PetFood>Y</PetFood><Tofu>N</Tofu><WildHarvested>N</WildHarvested><updateTime>7/10/2015 1:51:57 PM</updateTime></farmersMarket>