<?xml version="1.0" encoding="UTF-8"?>
<farmersMarket xmlns="http://marklogic.com/ferret/demodata"><FMID>1000406</FMID><MarketName>Clark Fork Market</MarketName><Website>http://www.clarkforkmarket.com</Website><Facebook>https://www.facebook.com/clarkforkmarket</Facebook><Twitter/><Youtube>http://www.youtube.com/watch?v=E6zktHiUMv0</Youtube><OtherMedia/><street>225 South Pattee Street, Riverside Parking Lot</street><city>Missoula</city><County>Missoula</County><State>Montana</State><zip>59802</zip><Season1Date>05/07/2016 to 10/29/2016</Season1Date><Season1Time>Sat: 8:00 AM-1:00 PM;</Season1Time><Season2Date/><Season2Time/><Season3Date/><Season3Time/><Season4Date/><Season4Time/><x>-113.9965860</x><y>46.8787176</y><Location/><Credit>Y</Credit><WIC>Y</WIC><WICcash>Y</WICcash><SFMNP>Y</SFMNP><SNAP>Y</SNAP><Organic>Y</Organic><Bakedgoods>Y</Bakedgoods><Cheese>Y</Cheese><Crafts>N</Crafts><Flowers>Y</Flowers><Eggs>Y</Eggs><Seafood>Y</Seafood><Herbs>Y</Herbs><Vegetables>Y</Vegetables><Honey>Y</Honey><Jams>Y</Jams><Maple>N</Maple><Meat>Y</Meat><Nursery>N</Nursery><Nuts>N</Nuts><Plants>Y</Plants><Poultry>Y</Poultry><Prepared>Y</Prepared><Soap>Y</Soap><Trees>Y</Trees><Wine>Y</Wine><Coffee>Y</Coffee><Beans>N</Beans><Fruits>Y</Fruits><Grains>N</Grains><Juices>Y</Juices><Mushrooms>Y</Mushrooms><PetFood>Y</PetFood><Tofu>N</Tofu><WildHarvested>Y</WildHarvested><updateTime>7/11/2016 1:10:45 PM</updateTime></farmersMarket>