<?xml version="1.0" encoding="UTF-8"?>
<farmersMarket xmlns="http://marklogic.com/ferret/demodata"><FMID>1000316</FMID><MarketName>Chino Valley Farmers Market</MarketName><Website>http://prescottfarmersmarket.org/</Website><Facebook>https://www.facebook.com/prescottfarmersmarket</Facebook><Twitter>https://twitter.com/prescottfarmers</Twitter><Youtube/><OtherMedia>http://instagram.com/prescottfarmersmarket</OtherMedia><street>344 S. Hwy 89</street><city>Chino Valley</city><County>Yavapai</County><State>Arizona</State><zip>86323</zip><Season1Date>06/04/2015 to</Season1Date><Season1Time>Thu: 3:00 PM-6:00 PM;</Season1Time><Season2Date/><Season2Time/><Season3Date/><Season3Time/><Season4Date/><Season4Time/><x>-112.455293</x><y>34.740766</y><Location/><Credit>Y</Credit><WIC>Y</WIC><WICcash>Y</WICcash><SFMNP>Y</SFMNP><SNAP>Y</SNAP><Organic>-</Organic><Bakedgoods>Y</Bakedgoods><Cheese>N</Cheese><Crafts>N</Crafts><Flowers>Y</Flowers><Eggs>Y</Eggs><Seafood>N</Seafood><Herbs>Y</Herbs><Vegetables>Y</Vegetables><Honey>N</Honey><Jams>Y</Jams><Maple>N</Maple><Meat>N</Meat><Nursery>N</Nursery><Nuts>N</Nuts><Plants>N</Plants><Poultry>N</Poultry><Prepared>Y</Prepared><Soap>Y</Soap><Trees>N</Trees><Wine>N</Wine><Coffee>N</Coffee><Beans>N</Beans><Fruits>Y</Fruits><Grains>N</Grains><Juices>N</Juices><Mushrooms>N</Mushrooms><PetFood>N</PetFood><Tofu>N</Tofu><WildHarvested>N</WildHarvested><updateTime>4/14/2016 9:37:30 PM</updateTime></farmersMarket>