<?xml version="1.0" encoding="UTF-8"?>
<farmersMarket xmlns="http://marklogic.com/ferret/demodata"><FMID>1000030</FMID><MarketName>MainStreet Libertyville Farmers Market</MarketName><Website>http://www.libertyvillefarmersmarket.org</Website><Facebook/><Twitter/><Youtube/><OtherMedia/><street>W Church Street</street><city>Libertyville</city><County>Lake</County><State>Illinois</State><zip>60048</zip><Season1Date>06/19/2014 to 10/16/2014</Season1Date><Season1Time>Thu: 7:00 AM-1:00 PM;</Season1Time><Season2Date/><Season2Time/><Season3Date/><Season3Time/><Season4Date/><Season4Time/><x>-87.955073</x><y>42.286858</y><Location>Closed-off public street</Location><Credit>Y</Credit><WIC>Y</WIC><WICcash>N</WICcash><SFMNP>N</SFMNP><SNAP>N</SNAP><Organic>Y</Organic><Bakedgoods>Y</Bakedgoods><Cheese>Y</Cheese><Crafts>N</Crafts><Flowers>Y</Flowers><Eggs>Y</Eggs><Seafood>N</Seafood><Herbs>Y</Herbs><Vegetables>Y</Vegetables><Honey>Y</Honey><Jams>Y</Jams><Maple>N</Maple><Meat>Y</Meat><Nursery>N</Nursery><Nuts>N</Nuts><Plants>Y</Plants><Poultry>Y</Poultry><Prepared>Y</Prepared><Soap>Y</Soap><Trees>N</Trees><Wine>N</Wine><Coffee>Y</Coffee><Beans>N</Beans><Fruits>Y</Fruits><Grains>N</Grains><Juices>N</Juices><Mushrooms>Y</Mushrooms><PetFood>Y</PetFood><Tofu>N</Tofu><WildHarvested>N</WildHarvested><updateTime>3/31/2014 2:17:28 PM</updateTime></farmersMarket>