<?xml version="1.0" encoding="UTF-8"?>
<farmersMarket xmlns="http://marklogic.com/ferret/demodata"><FMID>1000500</FMID><MarketName>North St. Mary's County Farmers Market</MarketName><Website/><Facebook/><Twitter/><Youtube/><OtherMedia/><street>37600 New market Turner Road</street><city>Charlotte Hall</city><County>St. Mary's</County><State>Maryland</State><zip>20622</zip><Season1Date>04/01/2013 to 12/31/2013</Season1Date><Season1Time>Mon: 9:00 AM-7:00 PM;Tue: 9:00 AM-7:00 PM;Wed: 9:00 AM-7:00 PM;Thu: 9:00 AM-7:00 PM;Fri: 9:00 AM-7:00 PM;Sat: 9:00 AM-7:00 PM;</Season1Time><Season2Date/><Season2Time/><Season3Date/><Season3Time/><Season4Date/><Season4Time/><x>-76.773834</x><y>38.478320</y><Location>Local government building grounds</Location><Credit>N</Credit><WIC>Y</WIC><WICcash>N</WICcash><SFMNP>Y</SFMNP><SNAP>N</SNAP><Organic>N</Organic><Bakedgoods>Y</Bakedgoods><Cheese>N</Cheese><Crafts>Y</Crafts><Flowers>N</Flowers><Eggs>Y</Eggs><Seafood>N</Seafood><Herbs>Y</Herbs><Vegetables>Y</Vegetables><Honey>Y</Honey><Jams>Y</Jams><Maple>N</Maple><Meat>N</Meat><Nursery>N</Nursery><Nuts>N</Nuts><Plants>Y</Plants><Poultry>N</Poultry><Prepared>Y</Prepared><Soap>Y</Soap><Trees>Y</Trees><Wine>N</Wine><Coffee>N</Coffee><Beans>N</Beans><Fruits>Y</Fruits><Grains>N</Grains><Juices>N</Juices><Mushrooms>N</Mushrooms><PetFood>N</PetFood><Tofu>N</Tofu><WildHarvested>N</WildHarvested><updateTime>6/13/2013 9:08:08 AM</updateTime></farmersMarket>