<?xml version="1.0" encoding="UTF-8"?>
<farmersMarket xmlns="http://marklogic.com/ferret/demodata"><FMID>1000175</FMID><MarketName>Eno River Farmers Market in Downtown Hillsborough</MarketName><Website>http://www.enoriverfarmersmarket.com</Website><Facebook>https://www.facebook.com/pages/Eno-River-Farmers-Market-in-Downtown-Hillsborough/101203182263</Facebook><Twitter>https://twitter.com/EnoRiverFM</Twitter><Youtube/><OtherMedia/><street>144 E. Margaret Lane</street><city>Hillsborough</city><County>Orange</County><State>North Carolina</State><zip>27278</zip><Season1Date>04/01/2016 to</Season1Date><Season1Time>Sat: 8:00 AM-12:00 PM;</Season1Time><Season2Date>11/05/2016 to 03/25/2017</Season2Date><Season2Time>Sat: 10:00 AM-12:00 PM;</Season2Time><Season3Date/><Season3Time/><Season4Date/><Season4Time/><x>-79.0977750</x><y>36.0740250</y><Location/><Credit>Y</Credit><WIC>Y</WIC><WICcash>Y</WICcash><SFMNP>N</SFMNP><SNAP>N</SNAP><Organic>Y</Organic><Bakedgoods>Y</Bakedgoods><Cheese>Y</Cheese><Crafts>Y</Crafts><Flowers>Y</Flowers><Eggs>Y</Eggs><Seafood>N</Seafood><Herbs>Y</Herbs><Vegetables>Y</Vegetables><Honey>Y</Honey><Jams>Y</Jams><Maple>N</Maple><Meat>Y</Meat><Nursery>N</Nursery><Nuts>N</Nuts><Plants>Y</Plants><Poultry>Y</Poultry><Prepared>Y</Prepared><Soap>Y</Soap><Trees>Y</Trees><Wine>Y</Wine><Coffee>Y</Coffee><Beans>N</Beans><Fruits>Y</Fruits><Grains>N</Grains><Juices>N</Juices><Mushrooms>Y</Mushrooms><PetFood>N</PetFood><Tofu>N</Tofu><WildHarvested>Y</WildHarvested><updateTime>6/28/2016 11:36:58 AM</updateTime></farmersMarket>